ticker,isin,localcurrency,localprice,convertedprice,currencyfactor
"SID US Equity",US20440W1053,USD,1.99,1.99,1
"5411 JP Equity",JP3386030005,JPY,2562.5,21.6171756369,118.540000
"5401 JP Equity",JP3381000003,JPY,288,2.42955964231,118.540000
"005490 KS Equity",KR7005490008,KRW,275000,250.307195194,1098.650000
"SSABA SS Equity",SE0000171100,SEK,44.3,5.59824091392,7.913200
"IPL AU Equity",AU000000IPL1,AUD,3.43,2.77620396601,1.235500
"ORI AU Equity",AU000000ORI1,AUD,18.76,15.1841359773,1.235500
"POT CN Equity",CA73755L1076,CAD,41.7,35.2523459295,1.182900
"SQM US Equity",US8336351056,USD,23.53,23.53,1
"SDF GR Equity",DE000KSAG888,EUR,22.87,27.2002854424,.840800
"YAR NO Equity",NO0010208051,NOK,350.5,45.2707851672,7.742300
"SOLB BB Equity",BE0003470755,EUR,105.9,125.951474786,.840800
"AKE FP Equity",FR0010313833,EUR,51.87,61.691246432,.840800
"BAS GR Equity",DE000BASF111,EUR,67.02,79.7098001903,.840800
"4183 JP Equity",JP3888300005,JPY,330,2.78387042349,118.540000
"4005 JP Equity",JP3401400001,JPY,458,3.86367470896,118.540000
"4188 JP Equity",JP3897700005,JPY,569.5,4.80428547326,118.540000
"3407 JP Equity",JP3111200006,JPY,1064.5,8.98009110849,118.540000
"DSM NA Equity",NL0000009827,EUR,48.29,57.433396765,.840800
"051910 KS Equity",KR7051910008,KRW,166000,151.094525099,1098.650000
"1326 TT Equity",TW0001326007,TWD,63.5,1.98499531103,31.990000
"1301 TT Equity",TW0001301000,TWD,69,2.15692403876,31.990000
"FMG AU Equity",AU000000FMG4,AUD,2.79,2.25819506273,1.235500
"CBA AU Equity",AU000000CBA7,AUD,85.3,69.04087414,1.235500
"CCO CN Equity",CA13321L1085,CAD,18.72,15.8255135683,1.182900
"FM CN Equity",CA3359341052,CAD,16.27,13.7543325725,1.182900
"BP IM Equity",IT0005002883,EUR,9.39,11.1679352997,.840800
"ISP IM Equity",IT0000072618,EUR,2.28,2.71170313987,.840800
"5713 JP Equity",JP3402600005,JPY,1726,14.5604859119,118.540000
"ORK NO Equity",NO0003733800,NOK,49.8,6.43219715072,7.742300
"NHY NO Equity",NO0005052605,NOK,41.39,5.34595662788,7.742300
"SAB SM Equity",ES0113860A34,EUR,2.15,2.55708848716,.840800
"BOL SS Equity",SE0000869646,SEK,127.4,16.0996815448,7.913200
"SWEDA SS Equity",SE0000242455,SEK,193.3,24.4275387959,7.913200
"PFG LN Equity",GB00B1Z4ST84,GBp,2441,36.9960594119,.659800
"ANTO LN Equity",GB0000456144,GBp,717.5,10.8745074265,.659800
"SCCO US Equity",US84265V1052,USD,27.07,27.07,1
"LXS GR Equity",DE0005470405,EUR,35.37,42.0670789724,.840800
"4185 JP Equity",JP3385980002,JPY,1987,16.7622743378,118.540000
"3405 JP Equity",JP3269600007,JPY,1335,11.2620212586,118.540000
"3402 JP Equity",JP3621000003,JPY,935.3,7.89016365784,118.540000
"1303 TT Equity",TW0001303006,TWD,61.8,1.93185370428,31.990000
"BHP AU Equity",AU000000BHP4,AUD,28.11,22.7519222987,1.235500
"BLT LN Equity",GB0000566504,GBp,1324.5,20.0742649288,.659800
"VALE/P US Equity",US91912E2046,USD,7.25,7.25,1
"TCK/B CN Equity",CA8787422044,CAD,15.58,13.1710203737,1.182900
"GLEN LN Equity",JE00B4T3BW64,GBp,284.1,4.30585025765,.659800
"AAL LN Equity",GB00B1XZS820,GBp,1155,17.5053046378,.659800
"RIO AU Equity",AU000000RIO1,AUD,57.59,46.6127074059,1.235500
"RIO LN Equity",GB0007188757,GBp,2944.5,44.6271597454,.659800
"BELG BB Equity",BE0003810273,EUR,29.43,35.002378687,.840800
"ORA FP Equity",FR0000133308,EUR,13.37,15.9015223597,.840800
"DTE GR Equity",DE0005557508,EUR,12.68,15.0808753568,.840800
"SESG FP Equity",LU0088087324,EUR,30.22,35.9419600381,.840800
"KPN NA Equity",NL0000009082,EUR,2.52,2.99714557564,.840800
"TEL NO Equity",NO0010063308,NOK,151.6,19.5807447399,7.742300
"PTC PL Equity",PTPTC0AM0009,EUR,0.81,0.963368220742,.840800
"TEF SM Equity",ES0178430E18,EUR,11.37,13.5228353949,.840800
"TEL2B SS Equity",SE0005190238,SEK,94.8,11.9799828135,7.913200
"KINVB SS Equity",SE0000164626,SEK,255.1,32.2372744275,7.913200
"TLSN SS Equity",SE0000667925,SEK,49.84,6.29833695597,7.913200
"SCMN VX Equity",CH0008742519,CHF,501.5,496.632996633,1.009800
"BT/A LN Equity",GB0030913577,GBp,385.9,5.84874204304,.659800
"VOD LN Equity",GB00BH4HKS39,GBp,215.35,3.26386783874,.659800
"2002 TT Equity",TW0002002003,TWD,26.05,0.814316974054,31.990000
"MT NA Equity",LU0323134006,EUR,8.67,10.3116079924,.840800
"NAB AU Equity",AU000000NAB4,AUD,33.34,26.9850263051,1.235500
"KBC BB Equity",BE0003565737,EUR,45.08,53.6156041865,.840800
"ITSA4 BZ Equity",BRITSAACNPR7,BRL,9.27,3.43231635071,2.700800
"CM CN Equity",CA1360691010,CAD,95.72,80.9197734382,1.182900
"BSAC US Equity",US05965X1090,USD,19.36,19.36,1
"CHILE CI Equity",CLP0939W1081,CLP,69.28,0.112352626372,616.630000
"1398 HK Equity",CNE1000003G1,HKD,5.71,0.736346637436,7.754500
"CIB US Equity",US05968L1026,USD,45.91,45.91,1
"BKIR ID Equity",IE0030606259,EUR,0.3,0.356803044719,.840800
"BMPS IM Equity",IT0004984842,EUR,0.46,0.547098001903,.840800
"8303 JP Equity",JP3729000004,JPY,205,1.72937405095,118.540000
"8591 JP Equity",JP3200450009,JPY,1437,12.1224902986,118.540000
"8316 JP Equity",JP3890350006,JPY,4208.5,35.5027838704,118.540000
"DNB NO Equity",NO0010031479,NOK,106.5,13.7556023404,7.742300
"BAP US Equity",BMG2519Y1084,USD,154.78,154.78,1
"UOB SP Equity",SG1M31001969,SGD,23.32,17.4996247936,1.332600
"OCBC SP Equity",SG1S04926220,SGD,10.16,7.62419330632,1.332600
"105560 KS Equity",KR7105560007,KRW,35300,32.1303417831,1098.650000
"055550 KS Equity",KR7055550008,KRW,43550,39.6395576389,1098.650000
"SAN SM Equity",ES0113900J37,EUR,6.59,7.837773549,.840800
"SEBA SS Equity",SE0000148884,SEK,98.15,12.4033260881,7.913200
"2881 TT Equity",TW0002881000,TWD,48.5,1.51609878087,31.990000
"STAN LN Equity",GB0004082847,GBp,947.1,14.354349803,.659800
"NCM AU Equity",AU000000NCM7,AUD,11.73,9.49413193039,1.235500
"UMI BB Equity",BE0003884047,EUR,32.18,38.2730732636,.840800
"K CN Equity",CA4969024047,CAD,3.95,3.33925099332,1.182900
"YRI CN Equity",CA98462Y1007,CAD,5.29,4.47206019106,1.182900
"ELD CN Equity",CA2849021035,CAD,8.23,6.95747738609,1.182900
"AEM CN Equity",CA0084741085,CAD,34.3,28.996533942,1.182900
"SLW CN Equity",CA8283361076,CAD,25.81,21.8192577564,1.182900
"ABX CN Equity",CA0679011084,CAD,13.31,11.2520077775,1.182900
"G CN Equity",CA3809564097,CAD,24,20.2891199594,1.182900
"RRS LN Equity",GB00B01C3S32,GBp,4757,72.0976053349,.659800
"BVN US Equity",US2044481040,USD,10.65,10.65,1
"AMP AU Equity",AU000000AMP6,AUD,5.46,4.41926345609,1.235500
"POW CN Equity",CA7392391016,CAD,30.47,25.7587285485,1.182900
"MFC CN Equity",CA56501R1064,CAD,21.12,17.8544255643,1.182900
"2628 HK Equity",CNE1000002L3,HKD,29.7,3.83003417371,7.754500
"8750 JP Equity",JP3476480003,JPY,1722,14.526742028,118.540000
"AGN NA Equity",NL0000303709,EUR,5.94,7.06470028544,.840800
"SLHN VX Equity",CH0014852781,CHF,231.9,229.649435532,1.009800
"2882 TT Equity",TW0002882008,TWD,44.95,1.40512660206,31.990000
"OML LN Equity",GB00B77J0862,GBp,185.1,2.80539557442,.659800
"SL/ LN Equity",GB00B16KPT44,GBp,382.1,5.79114883298,.659800
"ANZ AU Equity",AU000000ANZ3,AUD,31.78,25.7223796034,1.235500
"WBC AU Equity",AU000000WBC1,AUD,32.87,26.6046135168,1.235500
"EBS AV Equity",AT0000652011,EUR,19.25,22.8948620362,.840800
"BBAS3 BZ Equity",BRBBASACNOR3,BRL,22.49,8.32716232227,2.700800
"BBD US Equity",US0594603039,USD,13.27,13.27,1
"ITUB US Equity",US4655621062,USD,12.82,12.82,1
"BNS CN Equity",CA0641491075,CAD,63.49,53.6731760927,1.182900
"UBI IM Equity",IT0003487029,EUR,5.53,6.57706945766,.840800
"ELEKTRA* MM Equity",MX01EL000003,MXN,495.59,33.289448053,14.887300
"CABK SM Equity",ES0140609019,EUR,4.2,4.99524262607,.840800
"SHBA SS Equity",SE0000193120,SEK,363.6,45.9485416772,7.913200
"NDA SS Equity",SE0000427361,SEK,89.3,11.2849416165,7.913200
"2891 TT Equity",TW0002891009,TWD,19.95,0.62363238512,31.990000
"KNEBV FH Equity",FI0009013403,EUR,37.27,44.326831589,.840800
"SGO FP Equity",FR0000125007,EUR,33.12,39.391056137,.840800
"JHX AU Equity",AU000000JHX1,AUD,13.22,10.7001214083,1.235500
"ASSAB SS Equity",SE0000255648,SEK,420.4,53.1264216752,7.913200
"GEBN VX Equity",CH0030170408,CHF,340,336.7003367,1.009800
"SCHP VX Equity",CH0024638196,CHF,143.5,142.10734799,1.009800
"TPK LN Equity",GB0007739609,GBp,1767,26.7808426796,.659800
"ACA FP Equity",FR0000045072,EUR,10.2,12.1313035205,.840800
"GLE FP Equity",FR0000130809,EUR,33.18,39.462416746,.840800
"BNP FP Equity",FR0000131104,EUR,45.8,54.4719314938,.840800
"CBK GR Equity",DE000CBK1001,EUR,10.81,12.8568030447,.840800
"11 HK Equity",HK0011000095,HKD,126.9,16.3646914695,7.754500
"2388 HK Equity",HK2388011192,HKD,25.4,3.27551744149,7.754500
"MB IM Equity",IT0000062957,EUR,6.48,7.70694576594,.840800
"UCG IM Equity",IT0004781412,EUR,5.01,5.95861084681,.840800
"8308 JP Equity",JP3500610005,JPY,593.3,5.00506158259,118.540000
"MEO1V FH Equity",FI0009007835,EUR,24.16,28.7345385347,.840800
"6273 JP Equity",JP3162600005,JPY,31270,263.792812553,118.540000
"SAND SS Equity",SE0000667891,SEK,75.3,9.51574584239,7.913200
"CNHI US Equity",NL0010545661,USD,7.58,7.58,1
"AZJ AU Equity",AU000000AZJ1,AUD,4.58,3.70700121408,1.235500
"VOE AV Equity",AT0000937503,EUR,31.53,37.5,.840800
"AGS BB Equity",BE0974264930,EUR,28.8,34.2530922931,.840800
"ERJ US Equity",US29082A1079,USD,35.14,35.14,1
"BBD/B CN Equity",CA0977512007,CAD,4.06,3.43224279314,1.182900
"SLF CN Equity",CA8667961053,CAD,39.99,33.8067461324,1.182900
"2318 HK Equity",CNE1000003X6,HKD,80.1,10.3294861048,7.754500
"WRT1V FH Equity",FI0009003727,EUR,36.55,43.4705042816,.840800
"SAF FP Equity",FR0000073272,EUR,51.3,61.013320647,.840800
"PUB FP Equity",FR0000130577,EUR,57.9,68.8629876308,.840800
"CS FP Equity",FR0000120628,EUR,18.19,21.6341579448,.840800
"TKA GR Equity",DE0007500001,EUR,20.82,24.7621313035,.840800
"MAN GR Equity",DE0005937007,EUR,91.83,109.217411989,.840800
"1299 HK Equity",HK0000069689,HKD,42,5.41620994261,7.754500
"G IM Equity",IT0000062072,EUR,16.5,19.6241674596,.840800
"5711 JP Equity",JP3903000002,JPY,387,3.26472076936,118.540000
"5406 JP Equity",JP3289800009,JPY,201,1.69563016703,118.540000
"4324 JP Equity",JP3551520004,JPY,4880,41.1675383837,118.540000
"6201 JP Equity",JP3634600005,JPY,6000,50.6158258816,118.540000
"6594 JP Equity",JP3734800000,JPY,7688,64.8557448962,118.540000
"WKL NA Equity",NL0000395903,EUR,25,29.7335870599,.840800
"INGA NA Equity",NL0000303600,EUR,10.35,12.3097050428,.840800
"KEP SP Equity",SG1U68934629,SGD,8.32,6.24343388864,1.332600
"BALN VX Equity",CH0012410517,CHF,125,123.786888493,1.009800
"2308 TT Equity",TW0002308004,TWD,181,5.65801813067,31.990000
"AGK LN Equity",GB00BK1PTB77,GBp,1438,21.7944831767,.659800
"RR/ LN Equity",GB00B63H8491,GBp,854,12.9433161564,.659800
"WPP LN Equity",JE00B8KF9B49,GBp,1308,19.8241891482,.659800
"REL LN Equity",GB00B2B0DG97,GBp,1066,16.1564110336,.659800
"REN NA Equity",NL0006144495,EUR,19.1,22.7164605138,.840800
"UG FP Equity",FR0000121501,EUR,9.8,11.6555661275,.840800
"RNO FP Equity",FR0000131906,EUR,57.51,68.3991436727,.840800
"PAH3 GR Equity",DE000PAH0038,EUR,65.72,78.1636536632,.840800
"BMW GR Equity",DE0005190003,EUR,85.88,102.140818268,.840800
"DAI GR Equity",DE0007100000,EUR,66.86,79.5195052331,.840800
"VOW GR Equity",DE0007664005,EUR,174.35,207.362036156,.840800
"VOW3 GR Equity",DE0007664039,EUR,177.99,211.691246432,.840800
"7202 JP Equity",JP3137200006,JPY,1418,11.96220685,118.540000
"7269 JP Equity",JP3397200001,JPY,3456,29.1547157078,118.540000
"7270 JP Equity",JP3814800003,JPY,4165.5,35.1400371183,118.540000
"7201 JP Equity",JP3672400003,JPY,1000.5,8.44018896575,118.540000
"7267 JP Equity",JP3854600008,JPY,3453.5,29.1336257803,118.540000
"7203 JP Equity",JP3633400001,JPY,7300,61.5825881559,118.540000
"000270 KS Equity",KR7000270009,KRW,51200,46.6026487052,1098.650000
"005380 KS Equity",KR7005380001,KRW,164500,149.729213125,1098.650000
"VOLVB SS Equity",SE0000115446,SEK,84.7,10.7036344336,7.913200
"FCAU US Equity",NL0010877643,USD,11.59,11.59,1
"MQG AU Equity",AU000000MQG1,AUD,57.08,46.1999190611,1.235500
"8309 JP Equity",JP3892100003,JPY,441.4,3.72363759069,118.540000
"8411 JP Equity",JP3885780001,JPY,198,1.67032225409,118.540000
"8306 JP Equity",JP3902900004,JPY,634,5.34840560148,118.540000
"DBS SP Equity",SG1L01001701,SGD,19.83,14.8806843764,1.332600
"GBLB BB Equity",BE0003797140,EUR,68.62,81.6127497621,.840800
"BNR GR Equity",DE000A1DAHH0,EUR,44.9,53.4015223597,.840800
"MEO GR Equity",DE0007257503,EUR,24.6,29.257849667,.840800
"FLG LN Equity",GG00B62W2327,GBp,352.6,5.34404364959,.659800
"INVEB SS Equity",SE0000107419,SEK,283,35.7630288632,7.913200
"WOS LN Equity",JE00BFNWV485,GBp,3579,54.2437102152,.659800
"III LN Equity",GB00B1YW4409,GBp,433.2,6.56562594726,.659800
"BNZL LN Equity",GB00B0744B38,GBp,1746,26.4625644135,.659800
"NVN AU Equity",AU000000NVN5,AUD,2.13,1.72399838122,1.235500
"GPT AU Equity",AU000000GPT8,AUD,4.39,3.55321732092,1.235500
"LLC AU Equity",AU000000LLC3,AUD,16.22,13.1282881425,1.235500
"GMG AU Equity",AU000000GMG2,AUD,5.73,4.63779846216,1.235500
"WFD AU Equity",AU000000WFD0,AUD,9.25,7.48684743019,1.235500
"SCG AU Equity",AU000000SCG8,AUD,3.49,2.82476730069,1.235500
"SNC CN Equity",CA78460T1057,CAD,42.54,35.9624651281,1.182900
"AGU CN Equity",CA0089161081,CAD,111.34,94.1246090118,1.182900
"EOC US Equity",US29244T1016,USD,44.8,44.8,1
"ENI US Equity",US29274F1049,USD,15.68,15.68,1
"EN FP Equity",FR0000120503,EUR,28.7,34.1341579448,.840800
"UL NA Equity",FR0000124711,EUR,210.15,249.940532826,.840800
"DG FP Equity",FR0000125486,EUR,43.4,51.6175071361,.840800
"EDF FP Equity",FR0010242511,EUR,21.75,25.8682207422,.840800
"1812 JP Equity",JP3210200006,JPY,483,4.07457398347,118.540000
"1802 JP Equity",JP3190000004,JPY,761,6.41977391598,118.540000
"1803 JP Equity",JP3358800005,JPY,800,6.74877678421,118.540000
"1801 JP Equity",JP3443600006,JPY,669,5.64366458579,118.540000
"4612 JP Equity",JP3749400002,JPY,3340,28.1761430741,118.540000
"9503 JP Equity",JP3228600007,JPY,1114,9.39767167201,118.540000
"AKZA NA Equity",NL0000009132,EUR,56.58,67.2930542341,.840800
"EDP PL Equity",PTEDP0AM0009,EUR,3.1,3.68696479543,.840800
"ACS SM Equity",ES0167050915,EUR,28,33.3016175071,.840800
"SKAB SS Equity",SE0000113250,SEK,168.6,21.3061719658,7.913200
"CLN VX Equity",CH0012142631,CHF,16.25,16.0922955041,1.009800
"SYNN VX Equity",CH0011037469,CHF,316.1,313.032283621,1.009800
"SGRO LN Equity",GB00B5ZN1N88,GBp,382.5,5.79721127614,.659800
"HMSO LN Equity",GB0004065016,GBp,600.5,9.10124280085,.659800
"JMAT LN Equity",GB00B70FPS60,GBp,3370,51.0760836617,.659800
"BLND LN Equity",GB0001367019,GBp,764,11.5792664444,.659800
"LAND LN Equity",GB0031809436,GBp,1151,17.4446802061,.659800
"SIE GR Equity",DE0007236101,EUR,91.24,108.515699334,.840800
"7012 JP Equity",JP3224200000,JPY,541,4.56386030032,118.540000
"7011 JP Equity",JP3900000005,JPY,650.2,5.48506833136,118.540000
"6503 JP Equity",JP3902400005,JPY,1403.5,11.8398852708,118.540000
"6501 JP Equity",JP3788600009,JPY,872.8,7.36291547157,118.540000
"PHIA NA Equity",NL0000009538,EUR,23.16,27.5451950523,.840800
"SMIN LN Equity",GB00B1WY2338,GBp,1047,15.8684449833,.659800
"GGB US Equity",US3737371050,USD,3.54,3.54,1
"NA CN Equity",CA6330671034,CAD,47.51,40.1640037197,1.182900
"BMO CN Equity",CA0636711016,CAD,79.59,67.2837940654,1.182900
"TD CN Equity",CA8911605092,CAD,53.04,44.8389551103,1.182900
"RY CN Equity",CA7800871021,CAD,78.32,66.2101614676,1.182900
"DBK GR Equity",DE0005140008,EUR,23.93,28.4609895338,.840800
"GFNORTEO MM Equity",MXP370711014,MXN,75.86,5.09561841301,14.887300
"BBVA SM Equity",ES0113211835,EUR,7.45,8.86060894386,.840800
"UBSG VX Equity",CH0244767585,CHF,16.6,16.4388987918,1.009800
"BARC LN Equity",GB0031348658,GBp,230.35,3.49120945741,.659800
"RBS LN Equity",GB00B7T77214,GBp,370,5.60775992725,.659800
"LLOY LN Equity",GB0008706128,GBp,72.87,1.10442558351,.659800
"HSBA LN Equity",GB0005405286,GBp,593.7,8.99818126705,.659800
"TOL AU Equity",AU000000TOL1,AUD,5.97,4.83205180089,1.235500
"BXB AU Equity",AU000000BXB1,AUD,10.67,8.63617968434,1.235500
"DSV DC Equity",DK0060079531,DKK,187.5,29.9683534188,6.256600
"9062 JP Equity",JP3729400006,JPY,599,5.05314661718,118.540000
"KNIN VX Equity",CH0025238863,CHF,133.6,132.303426421,1.009800
"APA AU Equity",AU000000APA1,AUD,7.7,6.23229461756,1.235500
"WOW AU Equity",AU000000WOW2,AUD,29.8,24.1197895589,1.235500
"DELB BB Equity",BE0003562700,EUR,61.75,73.4419600381,.840800
"MRU CN Equity",CA59162N1096,CAD,89.94,76.0334770479,1.182900
"PPL CN Equity",CA7063271034,CAD,40.21,33.992729732,1.182900
"MG CN Equity",CA5592224011,CAD,120.91,102.214895596,1.182900
"TRP CN Equity",CA89353D1078,CAD,54.21,45.8280497083,1.182900
"ENB CN Equity",CA29250N1050,CAD,56.01,47.3497337053,1.182900
"NRE1V FH Equity",FI0009005318,EUR,20,23.786869648,.840800
"STERV FH Equity",FI0009005961,EUR,7.32,8.70599429115,.840800
"UPM1V FH Equity",FI0009005987,EUR,13.51,16.0680304472,.840800
"FR FP Equity",FR0000130338,EUR,100.15,119.112749762,.840800
"ML FP Equity",FR0000121261,EUR,71.83,85.4305423406,.840800
"RWE GR Equity",DE0007037129,EUR,24.37,28.984300666,.840800
"CON GR Equity",DE0005439004,EUR,168.33,200.202188392,.840800
"6 HK Equity",HK0006000050,HKD,73.05,9.42033657876,7.754500
"2 HK Equity",HK0002007356,HKD,65.5,8.44670836289,7.754500
"JM SP Equity",BMG507361001,USD,59.83,59.83,1
"13 HK Equity",HK0013000119,HKD,86.55,11.1612612032,7.754500
"PC IM Equity",IT0004623051,EUR,10.68,12.702188392,.840800
"SRG IM Equity",IT0003153415,EUR,3.92,4.662226451,.840800
"3861 JP Equity",JP3174410005,JPY,410,3.45874810191,118.540000
"2651 JP Equity",JP3982100004,JPY,7210,60.8233507677,118.540000
"6471 JP Equity",JP3720800006,JPY,1381,11.6500759237,118.540000
"9502 JP Equity",JP3526600006,JPY,1365,11.5151003881,118.540000
"7259 JP Equity",JP3102000001,JPY,4185,35.3045385524,118.540000
"5108 JP Equity",JP3830800003,JPY,4040,34.0813227602,118.540000
"6902 JP Equity",JP3551500006,JPY,5424,45.7567065969,118.540000
"ALFAA MM Equity",MXP000511016,MXN,30.74,2.06484721877,14.887300
"RAND NA Equity",NL0000379121,EUR,38.37,45.6351094196,.840800
"AH NA Equity",NL0010672325,EUR,14.55,17.3049476689,.840800
"012330 KS Equity",KR7012330007,KRW,229000,208.437627998,1098.650000
"ENG SM Equity",ES0130960018,EUR,24.88,29.5908658421,.840800
"DIA SM Equity",ES0126775032,EUR,5.35,6.36298763083,.840800
"GAS SM Equity",ES0116870314,EUR,19.79,23.5371075167,.840800
"HOLMB SS Equity",SE0000109290,SEK,269.5,34.0570186524,7.913200
"ADEN VX Equity",CH0012138605,CHF,66.85,66.2012279659,1.009800
"SGSN VX Equity",CH0002497458,CHF,1988,1968.70667459,1.009800
"HAS LN Equity",GB0004161021,GBp,141.5,2.14458926948,.659800
"ITRK LN Equity",GB0031638363,GBp,2298,34.8287359806,.659800
"MRW LN Equity",GB0006043169,GBp,173.7,2.63261594423,.659800
"SBRY LN Equity",GB00B019KW72,GBp,234.6,3.55562291604,.659800
"GKN LN Equity",GB0030646508,GBp,332.3,5.03637465899,.659800
"CPI LN Equity",GB00B23K0M20,GBp,1060,16.0654743862,.659800
"IPL CN Equity",CA45833V1094,CAD,32.75,27.6861949446,1.182900
"941 HK Equity",HK0941009539,HKD,88.75,11.4449674383,7.754500
"9437 JP Equity",JP3165650007,JPY,1733,14.6195377088,118.540000
"9984 JP Equity",JP3436100006,JPY,7009,59.1277206006,118.540000
"ST SP Equity",SG1T75931496,SGD,3.84,2.88158487168,1.332600
"2412 TT Equity",TW0002412004,TWD,92.5,2.89152860269,31.990000
"ABI BB Equity",BE0003793107,EUR,89.68,106.660323501,.840800
"ABEV US Equity",US02319V1035,USD,6.06,6.06,1
"CARLB DC Equity",DK0010181759,DKK,468.6,74.8969088642,6.256600
"2503 JP Equity",JP3258000003,JPY,1421.5,11.9917327484,118.540000
"2502 JP Equity",JP3116000005,JPY,3560,30.0320566897,118.540000
"HEIA NA Equity",NL0000009165,EUR,56.81,67.566603235,.840800
"SAB LN Equity",GB0004835483,GBp,3220,48.802667475,.659800
"AIO AU Equity",AU000000AIO7,AUD,5.99,4.84823957912,1.235500
"CP CN Equity",CA13645T1003,CAD,209.66,177.242370446,1.182900
"CNR CN Equity",CA1363751027,CAD,76.98,65.0773522698,1.182900
"LFL US Equity",US51817R1068,USD,11.04,11.04,1
"CDI FP Equity",FR0000130403,EUR,137.95,164.069933397,.840800
"RMS FP Equity",FR0000052292,EUR,280.95,334.14605138,.840800
"MC FP Equity",FR0000121014,EUR,125.6,149.381541389,.840800
"LHA GR Equity",DE0008232125,EUR,14.06,16.7221693625,.840800
"G1A GR Equity",DE0006602006,EUR,35.45,42.162226451,.840800
"6806 JP Equity",JP3799000009,JPY,13370,112.788932006,118.540000
"5333 JP Equity",JP3695200000,JPY,2360,19.9088915134,118.540000
"6762 JP Equity",JP3538800008,JPY,6950,58.6299983128,118.540000
"9202 JP Equity",JP3429800000,JPY,294,2.4801754682,118.540000
"9021 JP Equity",JP3659000008,JPY,5539,46.7268432597,118.540000
"5802 JP Equity",JP3407400005,JPY,1453.5,12.2616838198,118.540000
"8002 JP Equity",JP3877600001,JPY,695.3,5.86553062257,118.540000
"9201 JP Equity",JP3705200008,JPY,3650,30.7912940779,118.540000
"8053 JP Equity",JP3404600003,JPY,1181.5,9.96709971318,118.540000
"8001 JP Equity",JP3143600009,JPY,1242.5,10.481693943,118.540000
"8031 JP Equity",JP3893600001,JPY,1548.5,13.0631010629,118.540000
"6981 JP Equity",JP3914400001,JPY,12810,108.064788257,118.540000
"8058 JP Equity",JP3898400001,JPY,2099,17.7071030876,118.540000
"6954 JP Equity",JP3802400006,JPY,19175,161.759743546,118.540000
"ATCOA SS Equity",SE0000101032,SEK,217.1,27.435171612,7.913200
"ATCOB SS Equity",SE0000122467,SEK,198,25.0214830915,7.913200
"CFR VX Equity",CH0210483332,CHF,85.8,84.9673202614,1.009800
"BRBY LN Equity",GB0031743007,GBp,1602,24.2800848742,.659800
"IAG LN Equity",ES0177542018,GBp,480.8,7.28705668384,.659800
"WOR AU Equity",AU000000WOR2,AUD,9.68,7.83488466208,1.235500
"SYD AU Equity",AU000000SYD9,AUD,4.79,3.87697288547,1.235500
"IAG AU Equity",AU000000IAG3,AUD,6.26,5.06677458519,1.235500
"AMC AU Equity",AU000000AMC4,AUD,13.55,10.9672197491,1.235500
"TCL AU Equity",AU000000TCL6,AUD,8.76,7.09024686362,1.235500
"SUN AU Equity",AU000000SUN6,AUD,13.83,11.1938486443,1.235500
"OMV AV Equity",AT0000743059,EUR,20.8,24.7383444339,.840800
"CCRO3 BZ Equity",BRCCROACNOR2,BRL,14.51,5.37248222749,2.700800
"883 HK Equity",HK0883013259,HKD,10.3,1.32826100974,7.754500
"SAMAS FH Equity",FI0009003305,EUR,38.73,46.0632730733,.840800
"TEC FP Equity",FR0000131708,EUR,47.58,56.5889628925,.840800
"HO FP Equity",FR0000121329,EUR,44.67,53.1279733587,.840800
"LG FP Equity",FR0000120537,EUR,56.12,66.7459562322,.840800
"GSZ FP Equity",FR0010208488,EUR,18.31,21.7768791627,.840800
"FP FP Equity",FR0000120271,EUR,39.92,47.4785918173,.840800
"HEI GR Equity",DE0006047004,EUR,56.93,67.7093244529,.840800
"3 HK Equity",HK0003000038,HKD,17.38,2.24127925721,7.754500
"CRH ID Equity",IE0001827041,EUR,18.73,22.2764034253,.840800
"SPM IM Equity",IT0000068525,EUR,8.3,9.8715509039,.840800
"FNC IM Equity",IT0003856405,EUR,7.35,8.74167459562,.840800
"ATL IM Equity",IT0003506190,EUR,19.21,22.8472882969,.840800
"5901 JP Equity",JP3613400005,JPY,1415,11.9368989371,118.540000
"6753 JP Equity",JP3359600008,JPY,263,2.21866036781,118.540000
"5233 JP Equity",JP3449020001,JPY,362,3.05382149485,118.540000
"9508 JP Equity",JP3246400000,JPY,1176,9.92070187279,118.540000
"1963 JP Equity",JP3667600005,JPY,2384,20.1113548169,118.540000
"9501 JP Equity",JP3585800000,JPY,501,4.22642146111,118.540000
"9532 JP Equity",JP3180400008,JPY,430.9,3.63505989539,118.540000
"6701 JP Equity",JP3733000008,JPY,342,2.88510207525,118.540000
"9531 JP Equity",JP3573000001,JPY,625.2,5.27416905686,118.540000
"8725 JP Equity",JP3890310000,JPY,2781.5,23.4646532816,118.540000
"6502 JP Equity",JP3592200004,JPY,500.1,4.21882908723,118.540000
"6758 JP Equity",JP3435000009,JPY,2439.5,20.5795512063,118.540000
"6752 JP Equity",JP3866800000,JPY,1382,11.6585118947,118.540000
"CEMEXCPO MM Equity",MXP225611567,MXN,14.53,0.975999677578,14.887300
"STL NO Equity",NO0010096985,NOK,127.3,16.4421425158,7.742300
"GALP PL Equity",PTGAL0AM0009,EUR,7.97,9.47906755471,.840800
"005930 KS Equity",KR7005930003,KRW,1295000,1178.71933737,1098.650000
"ANA SM Equity",ES0125220311,EUR,54.24,64.5099904853,.840800
"FER SM Equity",ES0118900010,EUR,16.1,19.1484300666,.840800
"IBE SM Equity",ES0144580Y14,EUR,5.47,6.50570884872,.840800
"HOLN VX Equity",CH0012214059,CHF,69.4,68.7264804912,1.009800
"CNE LN Equity",GB00B74CDH82,GBp,173.9,2.63564716581,.659800
"PFC LN Equity",GB00B0H2K534,GBp,646,9.79084571082,.659800
"REX LN Equity",GB00BMHTPY25,GBp,440.6,6.6777811458,.659800
"AMFW LN Equity",GB0000282623,GBp,819.5,12.4204304335,.659800
"TLW LN Equity",GB0001500809,GBp,396.1,6.00333434374,.659800
"RSA LN Equity",GB00BKKMKR23,GBp,419.9,6.36404971203,.659800
"UU/ LN Equity",GB00B39J2M42,GBp,900,13.6404971203,.659800
"BA/ LN Equity",GB0002634946,GBp,456.7,6.92179448318,.659800
"AV/ LN Equity",GB0002162385,GBp,464,7.03243407093,.659800
"BG/ LN Equity",GB0008762899,GBp,848.5,12.8599575629,.659800
"SECUB SS Equity",SE0000163594,SEK,93.2,11.7777890108,7.913200
"RTO LN Equity",GB00B082RF11,GBp,115.6,1.75204607457,.659800
"GFS LN Equity",GB00B01FLG62,GBp,269.6,4.08608669294,.659800
"BAB LN Equity",GB0009697037,GBp,1033,15.6562594726,.659800
"DXS AU Equity",AU000000DXS1,AUD,7.1,5.74666127074,1.235500
"CWN AU Equity",AU000000CWN6,AUD,12.35,9.99595305544,1.235500
"CPL US Equity",US1261531057,USD,13.11,13.11,1
"FTS CN Equity",CA3495531079,CAD,39.15,33.0966269338,1.182900
"WN CN Equity",CA9611485090,CAD,97.14,82.1202130358,1.182900
"L CN Equity",CA5394811015,CAD,60.12,50.8242454984,1.182900
"BAM/A CN Equity",CA1125851040,CAD,58.28,49.2687463015,1.182900
"CENCOSUD CI Equity",CL0000000100,CLP,1441.6,2.33786873814,616.630000
"FALAB CI Equity",CLP3880F1085,CLP,3973.5,6.44389666413,616.630000
"NZYMB DC Equity",DK0060336014,DKK,258.8,41.3643192788,6.256600
"MAERSKB DC Equity",DK0010244508,DKK,11930,1906.78643353,6.256600
"CO FP Equity",FR0000125585,EUR,72.61,86.3582302569,.840800
"CA FP Equity",FR0000120172,EUR,23.67,28.1517602284,.840800
"AI FP Equity",FR0000120073,EUR,97.44,115.889628925,.840800
"LIN GR Equity",DE0006483001,EUR,150.8,179.352997146,.840800
"DPW GR Equity",DE0005552004,EUR,26.33,31.3154138915,.840800
"27 HK Equity",HK0027032686,HKD,39.85,5.1389515765,7.754500
"TRN IM Equity",IT0003242622,EUR,3.6,4.28163653663,.840800
"9104 JP Equity",JP3362700001,JPY,354,2.98633372701,118.540000
"9101 JP Equity",JP3753000003,JPY,335,2.82605027839,118.540000
"7731 JP Equity",JP3657400002,JPY,1533,12.9323435127,118.540000
"4902 JP Equity",JP3300600008,JPY,1253,10.5702716383,118.540000
"7752 JP Equity",JP3973400009,JPY,1190,10.0388054665,118.540000
"8267 JP Equity",JP3388200002,JPY,1193,10.0641133794,118.540000
"4507 JP Equity",JP3347200002,JPY,3120,26.3202294584,118.540000
"4568 JP Equity",JP3475350009,JPY,1613,13.6072211912,118.540000
"4523 JP Equity",JP3160400002,JPY,4616.5,38.9446600304,118.540000
"4901 JP Equity",JP3814000000,JPY,3670,30.9600134976,118.540000
"8830 JP Equity",JP3409000001,JPY,4041,34.0897587312,118.540000
"4661 JP Equity",JP3198900007,JPY,27360,230.80816602,118.540000
"8801 JP Equity",JP3893200000,JPY,3132,26.4214611102,118.540000
"8802 JP Equity",JP3899600005,JPY,2453,20.6934368146,118.540000
"4503 JP Equity",JP3942400007,JPY,1673,14.11337945,118.540000
"4502 JP Equity",JP3463000004,JPY,4911,41.4290534841,118.540000
"7751 JP Equity",JP3242800005,JPY,3690.5,31.1329509026,118.540000
"1928 HK Equity",KYG7800X1079,HKD,35.95,4.63601779612,7.754500
"WALMEXV MM Equity",MXP810081010,MXN,30.13,2.02387269686,14.887300
"PNL NA Equity",NL0009739416,EUR,3.04,3.61560418649,.840800
"TNTE NA Equity",NL0009739424,EUR,5.2,6.18458610847,.840800
"REE SM Equity",ES0173093115,EUR,71.16,84.6336822074,.840800
"MKS LN Equity",GB0031274896,GBp,454.4,6.88693543498,.659800
"TSCO LN Equity",GB0008847096,GBp,178.8,2.70991209457,.659800
"NG/ LN Equity",GB00B08SNH34,GBp,896.8,13.591997575,.659800
"CCL LN Equity",GB0031215220,GBp,2964,44.9227038497,.659800
"ASX AU Equity",AU000000ASX7,AUD,36.41,29.4698502631,1.235500
"AGL AU Equity",AU000000AGL7,AUD,13.46,10.8943747471,1.235500
"ORG AU Equity",AU000000ORG5,AUD,11.3,9.1460946985,1.235500
"TLS AU Equity",AU000000TLS2,AUD,5.94,4.80777013355,1.235500
"CIG US Equity",US2044096012,USD,4.58,4.58,1
"PBR/A US Equity",US71654V1017,USD,6.14,6.14,1
"SJR/B CN Equity",CA82028K2002,CAD,30.99,26.1983261476,1.182900
"RCI/B CN Equity",CA7751092007,CAD,45.07,38.1012765238,1.182900
"T CN Equity",CA87971M1032,CAD,41.32,34.9311015301,1.182900
"HSE CN Equity",CA4480551031,CAD,25.8,21.8108039564,1.182900
"IMO CN Equity",CA4530384086,CAD,47.23,39.9272973201,1.182900
"BCE CN Equity",CA05534B7604,CAD,53.49,45.2193761096,1.182900
"SU CN Equity",CA8672241079,CAD,35.23,29.7827373404,1.182900
"EC US Equity",US2791581091,USD,14.93,14.93,1
"PSM GR Equity",DE000PSM7770,EUR,33.51,39.8549000951,.840800
"DB1 GR Equity",DE0005810055,EUR,59.02,70.1950523311,.840800
"EOAN GR Equity",DE000ENAG999,EUR,13.32,15.8420551855,.840800
"388 HK Equity",HK0388045442,HKD,177.6,22.9028306145,7.754500
"TIT IM Equity",IT0003497168,EUR,0.86,1.02283539486,.840800
"9735 JP Equity",JP3421800008,JPY,6612,55.7786401215,118.540000
"8601 JP Equity",JP3502200003,JPY,916.7,7.7332545976,118.540000
"8604 JP Equity",JP3762600009,JPY,661.5,5.58039480344,118.540000
"9432 JP Equity",JP3735400008,JPY,6084,51.3244474439,118.540000
"MIC SS Equity",SE0001174970,SEK,584,73.8007380074,7.913200
"AMXL MM Equity",MXP001691213,MXN,15.94,1.0707112774,14.887300
"BKIA SM Equity",ES0113307021,EUR,1.22,1.45099904853,.840800
"ABE SM Equity",ES0111845014,EUR,16.17,19.2316841104,.840800
"REP SM Equity",ES0173516115,EUR,14.62,17.3882017127,.840800
"CSGN VX Equity",CH0012138530,CHF,24.01,23.7769855417,1.009800
"LSE LN Equity",GB00B0SWJX34,GBp,2174,32.9493785996,.659800
"ITV LN Equity",GB0033986497,GBp,207.2,3.14034555926,.659800
"CNA LN Equity",GB00B033F229,GBp,263.9,3.99969687784,.659800
"SKY LN Equity",GB0001411924,GBp,860,13.0342528039,.659800
"SSE LN Equity",GB0007908733,GBp,1600,24.2497726584,.659800
"ATC NA Equity",LU1014539529,EUR,61.15,72.7283539486,.840800
"UCB BB Equity",BE0003739530,EUR,62.71,74.5837297812,.840800
"SDRL NO Equity",BMG7945E1057,NOK,83.15,10.7397026723,7.742300
"COS CN Equity",CA13643E1051,CAD,8.46,7.1519147857,1.182900
"CVE CN Equity",CA15135U1093,CAD,23.12,19.5451855609,1.182900
"VWS DC Equity",DK0010268606,DKK,248.9,39.7819902183,6.256600
"VK FP Equity",FR0000120354,EUR,20.81,24.7502378687,.840800
"SEV FP Equity",FR0010613471,EUR,13.97,16.6151284491,.840800
"ALO FP Equity",FR0010220475,EUR,26.22,31.1845861085,.840800
"VIE FP Equity",FR0000124141,EUR,14.12,16.7935299715,.840800
"SHP LN Equity",JE00B2QKY057,GBp,4542,68.839042134,.659800
"7911 JP Equity",JP3629000005,JPY,758,6.39446600304,118.540000
"4581 JP Equity",JP3442850008,JPY,7050,59.4735954108,118.540000
"5201 JP Equity",JP3112000009,JPY,566,4.77475957483,118.540000
"9041 JP Equity",JP3260800002,JPY,381,3.21410494348,118.540000
"7912 JP Equity",JP3493800001,JPY,1049.5,8.85355154378,118.540000
"9007 JP Equity",JP3196000008,JPY,1033,8.71435802261,118.540000
"9005 JP Equity",JP3574200006,JPY,718,6.05702716383,118.540000
"6988 JP Equity",JP3684000007,JPY,6528,55.0700185591,118.540000
"4528 JP Equity",JP3197600004,JPY,10370,87.4810190653,118.540000
"4578 JP Equity",JP3188220002,JPY,3589.5,30.2809178336,118.540000
"6971 JP Equity",JP3249600002,JPY,5290,44.6262864856,118.540000
"4063 JP Equity",JP3371200001,JPY,7642,64.4676902311,118.540000
"9020 JP Equity",JP3783600004,JPY,8823,74.4305719588,118.540000
"9022 JP Equity",JP3566800003,JPY,17500,147.629492155,118.540000
"9983 JP Equity",JP3802300008,JPY,43255,364.897924751,118.540000
"TEN IM Equity",LU0156801721,EUR,11.91,14.1650808754,.840800
"ITX SM Equity",ES0148396007,EUR,22.7,26.9980970504,.840800
"HMB SS Equity",SE0000106270,SEK,325.5,41.133801749,7.913200
"FGP LN Equity",GB0003452173,GBp,102.6,1.55501667172,.659800
"UBM LN Equity",JE00B2R84W06,GBp,459,6.95665353137,.659800
"SUBC NO Equity",LU0075646355,NOK,74.7,9.64829572608,7.742300
"SVT LN Equity",GB00B1FH8J72,GBp,1976,29.9484692331,.659800
"GSK LN Equity",GB0009252882,GBp,1357,20.5668384359,.659800
"VRX US Equity",CA91911K1021,USD,142.83,142.83,1
"GAM SW Equity",CH0102659627,CHF,17.95,17.7757971876,1.009800
"BAER VX Equity",CH0102484968,CHF,45.4,44.9593979006,1.009800
"EMG LN Equity",GB00B83VD954,GBp,160.5,2.43255531979,.659800
"ADN LN Equity",GB0000031285,GBp,414.5,6.28220672931,.659800
"SDR LN Equity",GB0002405495,GBp,2563,38.8451045771,.659800
"MGR AU Equity",AU000000MGR9,AUD,1.82,1.4730878187,1.235500
"SGP AU Equity",AU000000SGP0,AUD,4.14,3.35087009308,1.235500
"1 HK Equity",HK0001000014,HKD,127,16.3775872074,7.754500
"16 HK Equity",HK0016000132,HKD,116.6,15.0364304597,7.754500
"1928 JP Equity",JP3420600003,JPY,1550,13.0757550194,118.540000
"1925 JP Equity",JP3505000004,JPY,2212,18.6603678083,118.540000
"PSN LN Equity",GB0006825383,GBp,1528,23.1585328888,.659800
"6326 JP Equity",JP3266400005,JPY,1675.5,14.1344693774,118.540000
"6301 JP Equity",JP3304200003,JPY,2560,21.5960857095,118.540000
"STO AU Equity",AU000000STO6,AUD,7.55,6.11088628086,1.235500
"OSH AU Equity",PG0008579883,AUD,7.31,5.91663294213,1.235500
"WPL AU Equity",AU000000WPL2,AUD,36.46,29.5103197086,1.235500
"ARX CN Equity",CA00208D4084,CAD,23.39,19.7734381605,1.182900
"ECA CN Equity",CA2925051047,CAD,15.24,12.8835911742,1.182900
"SAP CN Equity",CA8029121057,CAD,33.39,28.2272381435,1.182900
"CNQ CN Equity",CA1363851017,CAD,32.82,27.7453715445,1.182900
"151 HK Equity",KYG9431R1039,HKD,9.98,1.28699464827,7.754500
"AC FP Equity",FR0000120404,EUR,36.03,42.8520456708,.840800
"VIV FP Equity",FR0000127771,EUR,19.8,23.5490009515,.840800
"BN FP Equity",FR0000120644,EUR,52.32,62.226450999,.840800
"SAN FP Equity",FR0000120578,EUR,73.51,87.4286393911,.840800
"ALV GR Equity",DE0008404005,EUR,134.12,159.514747859,.840800
"KYG ID Equity",IE0004906560,EUR,56.5,67.1979067555,.840800
"2267 JP Equity",JP3931600005,JPY,6120,51.6281423992,118.540000
"8630 JP Equity",JP3165000005,JPY,2956.5,24.9409482031,118.540000
"2802 JP Equity",JP3119600009,JPY,2191.5,18.4874304032,118.540000
"4519 JP Equity",JP3519400000,JPY,2887,24.35464822,118.540000
"8766 JP Equity",JP3910660004,JPY,3757.5,31.6981609583,118.540000
"TLEVICPO MM Equity",MXP4987V1378,MXN,97.61,6.55659521874,14.887300
"GIVN VX Equity",CH0010645932,CHF,1785,1767.67676768,1.009800
"TATE LN Equity",GB0008754136,GBp,614,9.30585025765,.659800
"IHG LN Equity",GB00BN33FD40,GBp,2533,38.3904213398,.659800
"WTB LN Equity",GB00B1KJJ408,GBp,4604,69.7787208245,.659800
"LGEN LN Equity",GB0005603997,GBp,238.6,3.61624734768,.659800
"PRU LN Equity",GB0007099541,GBp,1436.5,21.7717490149,.659800
"AZN LN Equity",GB0009895292,GBp,4488.5,68.0281903607,.659800
"GIL CN Equity",CA3759161035,CAD,63.72,53.8676134923,1.182900
"PNDORA DC Equity",DK0060252690,DKK,500.5,79.9955247259,6.256600
"EI FP Equity",FR0000121667,EUR,88.72,105.518553758,.840800
"SU FP Equity",FR0000121972,EUR,57.42,68.2921027593,.840800
"OSR GR Equity",DE000LED4000,EUR,31.68,37.6784015224,.840800
"MRK GR Equity",DE0006599905,EUR,78.47,93.3277830637,.840800
"BAYN GR Equity",DE000BAY0017,EUR,110.72,131.684110371,.840800
"RYA ID Equity",IE00B1GKF381,EUR,9.67,11.5009514748,.840800
"9831 JP Equity",JP3939000000,JPY,391,3.29846465328,118.540000
"5332 JP Equity",JP3596200000,JPY,1363,11.4982284461,118.540000
"5938 JP Equity",JP3626800001,JPY,2438,20.5668972499,118.540000
"7741 JP Equity",JP3837800006,JPY,3938,33.2208537203,118.540000
"6367 JP Equity",JP3481800005,JPY,7532,63.5397334233,118.540000
"ELUXB SS Equity",SE0000103814,SEK,223.1,28.1933983723,7.913200
"UHR VX Equity",CH0012255151,CHF,433.3,429.094870271,1.009800
"ABBN VX Equity",CH0012221716,CHF,20.34,20.1426024955,1.009800
"EZJ LN Equity",GB00B7KR2P84,GBp,1682,25.4925735071,.659800
"NXT LN Equity",GB0032089863,GBp,6740,102.152167323,.659800
"AHT LN Equity",GB0000536739,GBp,1109,16.8081236738,.659800
"2914 JP Equity",JP3726800000,JPY,3122.5,26.3413193859,118.540000
"033780 KS Equity",KR7033780008,KRW,78200,71.1782642334,1098.650000
"SWMA SS Equity",SE0000310336,SEK,244.1,30.8471920336,7.913200
"IMT LN Equity",GB0004544929,GBp,2834,42.9524098212,.659800
"BATS LN Equity",GB0002875804,GBp,3421,51.8490451652,.659800
"BVMF3 BZ Equity",BRBVMFACNOR3,BRL,9.31,3.44712677725,2.700800
"UGPA3 BZ Equity",BRUGPAACNOR8,BRL,49.1,18.1797985782,2.700800
"COPEC CI Equity",CLP7847L1080,CLP,6764.3,10.9697873928,616.630000
"939 HK Equity",CNE1000002H1,HKD,6.43,0.829195950738,7.754500
"DANSKE DC Equity",DK0010274414,DKK,163.4,26.1164210594,6.256600
"LR FP Equity",FR0010307819,EUR,41.28,49.0960989534,.840800
"8035 JP Equity",JP3571400005,JPY,8726,73.6122827737,118.540000
"ASML NA Equity",NL0010273215,EUR,84.67,100.701712655,.840800
"RDSA LN Equity",GB00B03MLX29,GBp,2079.5,31.5171264019,.659800
"RDSB LN Equity",GB00B03MM408,GBp,2121,32.1461048803,.659800
"POP SM Equity",ES0113790226,EUR,4.1,4.87630827783,.840800
"2454 TT Equity",TW0002454006,TWD,458,14.3169740544,31.990000
"LAD LN Equity",GB00B0ZSH635,GBp,102.5,1.55350106093,.659800
"WMH LN Equity",GB0031698896,GBp,349.8,5.30160654744,.659800
"ARM LN Equity",GB0000595859,GBp,943.5,14.2997878145,.659800
"BP/ LN Equity",GB0007980591,GBp,391.05,5.92679599879,.659800
"ATD/B CN Equity",CA01626P4033,CAD,45.07,38.1012765238,1.182900
"COLR BB Equity",BE0974256852,EUR,37.72,44.862036156,.840800
"TA CN Equity",CA89346D1078,CAD,10.48,8.85958238228,1.182900
"BB CN Equity",CA09228F1036,CAD,12.57,10.6264265787,1.182900
"TLM CN Equity",CA87425E1034,CAD,9.11,7.7014117846,1.182900
"CPG CN Equity",CA22576C1014,CAD,25.13,21.2443993575,1.182900
"GIB/A CN Equity",CA39945C1095,CAD,43.66,36.9092907262,1.182900
"CMPC CI Equity",CL0000001314,CLP,1460.5,2.36851920925,616.630000
"FUM1V FH Equity",FI0009007132,EUR,17.49,20.8016175071,.840800
"NOK1V FH Equity",FI0009000681,EUR,6.41,7.62369172217,.840800
"MMB FP Equity",FR0000130213,EUR,21.42,25.475737393,.840800
"CAP FP Equity",FR0000125338,EUR,57.03,67.8282588011,.840800
"RI FP Equity",FR0000120693,EUR,88.52,105.280685062,.840800
"AIR FP Equity",NL0000235190,EUR,42.62,50.6898192198,.840800
"OR FP Equity",FR0000120321,EUR,134.15,159.550428164,.840800
"BEI GR Equity",DE0005200000,EUR,66.25,78.7940057088,.840800
"4911 JP Equity",JP3351600006,JPY,1654,13.9530960013,118.540000
"9613 JP Equity",JP3165700000,JPY,4375,36.9073730386,118.540000
"6702 JP Equity",JP3818000006,JPY,615.1,5.18896574996,118.540000
"1605 JP Equity",JP3294460005,JPY,1241.5,10.473257972,118.540000
"3382 JP Equity",JP3422950000,JPY,4245,35.8106968112,118.540000
"ALFA SS Equity",SE0000695876,SEK,144.8,18.2985391498,7.913200
"SKFB SS Equity",SE0000108227,SEK,165.1,20.8638730223,7.913200
"DRX LN Equity",GB00B1VNSX38,GBp,422.9,6.40951803577,.659800
"IMI LN Equity",GB00BGLP8L22,GBp,1200,18.1873294938,.659800
"COB LN Equity",GB00B07KD360,GBp,321.9,4.87875113671,.659800
"PSON LN Equity",GB0006776081,GBp,1144,17.3385874507,.659800
"DGE LN Equity",GB0002374006,GBp,1782,27.0081842983,.659800
"9064 JP Equity",JP3940000007,JPY,2379,20.069174962,118.540000
"BRFS US Equity",US10552T1079,USD,22.58,22.58,1
"386 HK Equity",CNE1000002Q2,HKD,6.24,0.804694048617,7.754500
"857 HK Equity",CNE1000003W8,HKD,8.53,1.10000644787,7.754500
"IFX GR Equity",DE0006231004,EUR,8.54,10.1569933397,.840800
"EXPN LN Equity",GB00B19NLV48,GBp,1046,15.8532888754,.659800
"MS IM Equity",IT0001063210,EUR,3.17,3.7702188392,.840800
"ENEL IM Equity",IT0003128367,EUR,3.49,4.15080875357,.840800
"2282 JP Equity",JP3743000006,JPY,2569,21.6720094483,118.540000
"5020 JP Equity",JP3386450005,JPY,454.1,3.83077442214,118.540000
"STM IM Equity",NL0000226223,EUR,6.07,7.21931493815,.840800
"NESN VX Equity",CH0038863350,CHF,71.3,70.6080411963,1.009800
"2317 TT Equity",TW0002317005,TWD,84.5,2.64145045327,31.990000
"2330 TT Equity",TW0002330008,TWD,133.5,4.17317911847,31.990000
"ABF LN Equity",GB0006731235,GBp,3088,46.8020612307,.659800
"ULVR LN Equity",GB00B10RZP78,GBp,2574,39.0118217642,.659800
"UNA NA Equity",NL0000009355,EUR,31.55,37.5237868696,.840800
"TRI CN Equity",CA8849031056,CAD,45.61,38.5577817229,1.182900
"COH AU Equity",AU000000COH5,AUD,78.62,63.6341562121,1.235500
"SHL AU Equity",AU000000SHL7,AUD,18.49,14.9656009713,1.235500
"CSL AU Equity",AU000000CSL8,AUD,86.13,69.7126669365,1.235500
"WES AU Equity",AU000000WES1,AUD,41.7,33.7515176042,1.235500
"CTC/A CN Equity",CA1366812024,CAD,117.59,99.4082340012,1.182900
"KER FP Equity",FR0000121485,EUR,152.7,181.612749762,.840800
"FME GR Equity",DE0005785802,EUR,61.08,72.6450999049,.840800
"HEN3 GR Equity",DE0006048432,EUR,89.05,105.911037108,.840800
"LUX IM Equity",IT0001479374,EUR,44.91,53.4134157945,.840800
"6460 JP Equity",JP3419050004,JPY,1532,12.9239075418,118.540000
"9843 JP Equity",JP3756100008,JPY,6460,54.4963725325,118.540000
"6586 JP Equity",JP3862400003,JPY,5100,43.0234519993,118.540000
"8113 JP Equity",JP3951600000,JPY,2878,24.2787244812,118.540000
"4452 JP Equity",JP3205800000,JPY,4640.5,39.1471233339,118.540000
"6861 JP Equity",JP3236200006,JPY,51450,434.030706934,118.540000
"SCAB SS Equity",SE0000112724,SEK,167.1,21.1166152757,7.913200
"ATLN VX Equity",CH0010532478,CHF,116.1,114.973262032,1.009800
"ROG VX Equity",CH0012032048,CHF,273.8,271.142800555,1.009800
"NOVN VX Equity",CH0012005267,CHF,92.45,91.5527827293,1.009800
"KGF LN Equity",GB0033195214,GBp,316.8,4.80145498636,.659800
"GTO NA Equity",NL0000400653,EUR,66.4,78.9724072312,.840800
"000660 KS Equity",KR7000660001,KRW,47500,43.2348791699,1098.650000
"QBE AU Equity",AU000000QBE9,AUD,11.05,8.94374747066,1.235500
"COLOB DC Equity",DK0060448595,DKK,518,82.792571045,6.256600
"SW FP Equity",FR0000121220,EUR,78.74,93.648905804,.840800
"FRE GR Equity",DE0005785604,EUR,42.94,51.0704091342,.840800
"MUV2 GR Equity",DE0008430026,EUR,161.39,191.948144624,.840800
"4543 JP Equity",JP3546800008,JPY,2690,22.6927619369,118.540000
"7974 JP Equity",JP3756600007,JPY,11805,99.586637422,118.540000
"AMS SM Equity",ES0109067019,EUR,32.61,38.784490961,.840800
"SREN VX Equity",CH0126881561,CHF,81.9,81.1051693405,1.009800
"ZURN VX Equity",CH0011075394,CHF,307.9,304.911863735,1.009800
"DMGT LN Equity",GB0009457366,GBp,793,12.0187935738,.659800
"WEIR LN Equity",GB0009465807,GBp,1772,26.8566232192,.659800
"SGE LN Equity",GB00B8C3BL03,GBp,459.8,6.9687784177,.659800
"CPG LN Equity",GB00BLNN3L44,GBp,1055,15.9896938466,.659800
"CPU AU Equity",AU000000CPU5,AUD,11.64,9.42128692837,1.235500
"CIEL3 BZ Equity",BRCIELACNOR3,BRL,37.6,13.9218009479,2.700800
"EDEN FP Equity",FR0010908533,EUR,21.97,26.1298763083,.840800
"ENI IM Equity",IT0003132476,EUR,13.55,16.1156041865,.840800
"2897 JP Equity",JP3675600005,JPY,5720,48.2537540071,118.540000
"6963 JP Equity",JP3982800009,JPY,7220,60.9077104775,118.540000
"NOVOB DC Equity",DK0060534915,DKK,263.9,42.1794584918,6.256600
"ADS GR Equity",DE000A1EWWW0,EUR,54.84,65.2235965747,.840800
"QGEN US Equity",NL0000240000,USD,22.31,22.31,1
"LONN VX Equity",CH0013841017,CHF,114.6,113.48781937,1.009800
"SN/ LN Equity",GB0009223206,GBp,1176,17.8235829039,.659800
"RB/ LN Equity",GB00B24CGK77,GBp,5110,77.4477114277,.659800
"RHC AU Equity",AU000000RHC8,AUD,57.65,46.6612707406,1.235500
"CCL AU Equity",AU000000CCL2,AUD,9.21,7.45447187374,1.235500
"QSR CN Equity",CA76131D1033,CAD,44.79,37.8645701243,1.182900
"700 HK Equity",KYG875721634,HKD,120,15.4748855503,7.754500
"ALU FP Equity",FR0000130007,EUR,2.83,3.36584205519,.840800
"DSY FP Equity",FR0000130650,EUR,49.21,58.5275927688,.840800
"SAP GR Equity",DE0007164600,EUR,55.27,65.7350142721,.840800
"4689 JP Equity",JP3933800009,JPY,413,3.48405601485,118.540000
"FEMSAUBD MM Equity",MXP320321310,MXN,126.35,8.48709974273,14.887300
"HEXAB SS Equity",SE0000103699,SEK,243.9,30.8219178082,7.913200
"ERICB SS Equity",SE0000108656,SEK,94.75,11.9736642572,7.913200
"CCT CN Equity",CA1488871023,CAD,57.81,48.8714177023,1.182900
"TR US Equity",US8905161076,USD,29.24,29.24,1
"UTHR US Equity",US91307C1027,USD,124.93,124.93,1
"SMG US Equity",US8101861065,USD,60.75,60.75,1
"THOR US Equity",US8851753074,USD,32.74,32.74,1
"SVU US Equity",US8685361037,USD,9.19,9.19,1
"LXK US Equity",US5297711070,USD,39.79,39.79,1
"WGL US Equity",US92924F1066,USD,53.67,53.67,1
"TDS US Equity",US8794338298,USD,23.69,23.69,1
"RVBD US Equity",US7685731074,USD,20.39,20.39,1
"UNFI US Equity",US9111631035,USD,74.87,74.87,1
"LAMR US Equity",US5128161099,USD,53.46,53.46,1
"TRMB US Equity",US8962391004,USD,25.66,25.66,1
"RJF US Equity",US7547301090,USD,54.08,54.08,1
"MUSA US Equity",US6267551025,USD,66.82,66.82,1
"INT US Equity",US9814751064,USD,46.69,46.69,1
"CST US Equity",US12646R1059,USD,42.27,42.27,1
"WNR US Equity",US9593191045,USD,35.54,35.54,1
"HFC US Equity",US4361061082,USD,36.35,36.35,1
"TUP US Equity",US8998961044,USD,60,60,1
"BTU US Equity",US7045491047,USD,6.87,6.87,1
"LANC US Equity",US5138471033,USD,90.63,90.63,1
"SXT US Equity",US81725T1007,USD,57.39,57.39,1
"AOL US Equity",US00184X1054,USD,46.25,46.25,1
"JBL US Equity",US4663131039,USD,21.02,21.02,1
"TER US Equity",US8807701029,USD,18.74,18.74,1
"INGR US Equity",US4571871023,USD,81.67,81.67,1
"SLXP US Equity",US7954351067,USD,115.99,115.99,1
"CBST US Equity",US2296781071,USD,100.8,100.8,1
"ENDP US Equity",IE00BJ3V9050,USD,73.86,73.86,1
"WCG US Equity",US94946T1060,USD,77.82,77.82,1
"HNT US Equity",US42222G1085,USD,51.13,51.13,1
"CNC US Equity",US15135B1017,USD,104.5,104.5,1
"OCR US Equity",US6819041087,USD,72.55,72.55,1
"PLCM US Equity",US73172K1043,USD,12.91,12.91,1
"DWA US Equity",US26153C1036,USD,21.72,21.72,1
"PLT US Equity",US7274931085,USD,49.95,49.95,1
"PNM US Equity",US69349H1077,USD,29.48,29.48,1
"CAKE US Equity",US1630721017,USD,49.82,49.82,1
"SFG US Equity",US8528911006,USD,66.49,66.49,1
"MCY US Equity",US5894001008,USD,53.93,53.93,1
"TECH US Equity",US09073M1045,USD,89.55,89.55,1
"EAT US Equity",US1096411004,USD,57.43,57.43,1
"AMCX US Equity",US00164V1035,USD,61.66,61.66,1
"ODP US Equity",US6762201068,USD,8.23,8.23,1
"AFG US Equity",US0259321042,USD,59.12,59.12,1
"HII US Equity",US4464131063,USD,114.28,114.28,1
"OII US Equity",US6752321025,USD,55.68,55.68,1
"WRB US Equity",US0844231029,USD,50.07,50.07,1
"WSM US Equity",US9699041011,USD,74.14,74.14,1
"ENR US Equity",US29266R1086,USD,126.89,126.89,1
"JAH US Equity",US4711091086,USD,45.93,45.93,1
"CHD US Equity",US1713401024,USD,77.56,77.56,1
"ASNA US Equity",US04351G1013,USD,11.9,11.9,1
"ALEX US Equity",US0144911049,USD,38.36,38.36,1
"JCP US Equity",US7081601061,USD,6.56,6.56,1
"DECK US Equity",US2435371073,USD,87.51,87.51,1
"BDC US Equity",US0774541066,USD,79.3,79.3,1
"JBLU US Equity",US4771431016,USD,14.97,14.97,1
"GWR US Equity",US3715591059,USD,84.3,84.3,1
"SUNE US Equity",US86732Y1091,USD,17.59,17.59,1
"HUB/B US Equity",US4435102011,USD,102.61,102.61,1
"ALK US Equity",US0116591092,USD,58.77,58.77,1
"LKQ US Equity",US5018892084,USD,26.95,26.95,1
"HBI US Equity",US4103451021,USD,106.14,106.14,1
"AAP US Equity",US00751Y1064,USD,156.36,156.36,1
"DF US Equity",US2423702032,USD,18.3,18.3,1
"POST US Equity",US7374461041,USD,40.06,40.06,1
"AMD US Equity",US0079031078,USD,2.63,2.63,1
"FICO US Equity",US3032501047,USD,70.05,70.05,1
"CRC US Equity",US13057Q1076,USD,4.76,4.76,1
"KBR US Equity",US48242W1062,USD,16.35,16.35,1
"CMP US Equity",US20451N1019,USD,85.89,85.89,1
"BID US Equity",US8358981079,USD,42,42,1
"TEX US Equity",US8807791038,USD,25.75,25.75,1
"WEN US Equity",US95058W1009,USD,8.96,8.96,1
"IDA US Equity",US4511071064,USD,65.48,65.48,1
"ATML US Equity",US0495131049,USD,7.88,7.88,1
"THS US Equity",US89469A1043,USD,84.85,84.85,1
"GPOR US Equity",US4026353049,USD,38.63,38.63,1
"FLO US Equity",US3434981011,USD,18.85,18.85,1
"AGCO US Equity",US0010841023,USD,42.75,42.75,1
"GXP US Equity",US3911641005,USD,28.47,28.47,1
"PNRA US Equity",US69840W1080,USD,169.39,169.39,1
"LHO US Equity",US5179421087,USD,40.29,40.29,1
"HPT US Equity",US44106M1027,USD,31.39,31.39,1
"DPZ US Equity",US25754A2015,USD,94.29,94.29,1
"CBOE US Equity",US12503M1080,USD,66.06,66.06,1
"BR US Equity",US11133T1034,USD,45.26,45.26,1
"HAIN US Equity",US4052171000,USD,55.08,55.08,1
"WWAV US Equity",US9662441057,USD,33.85,33.85,1
"ROVI US Equity",US7793761021,USD,22.08,22.08,1
"MENT US Equity",US5872001061,USD,20.96,20.96,1
"NATI US Equity",US6365181022,USD,30.08,30.08,1
"PTC US Equity",US69370C1009,USD,35.08,35.08,1
"CDNS US Equity",US1273871087,USD,17.91,17.91,1
"SNPS US Equity",US8716071076,USD,42.16,42.16,1
"ANSS US Equity",US03662Q1058,USD,79.26,79.26,1
"OMI US Equity",US6907321029,USD,34.24,34.24,1
"HSIC US Equity",US8064071025,USD,134.82,134.82,1
"CLF US Equity",US18683K1016,USD,6.31,6.31,1
"PCH US Equity",US7376301039,USD,42.14,42.14,1
"KMPR US Equity",US4884011002,USD,34.61,34.61,1
"CIEN US Equity",US1717793095,USD,19.07,19.07,1
"SAIC US Equity",US8086251076,USD,49.17,49.17,1
"LPX US Equity",US5463471053,USD,15.6,15.6,1
"PRI US Equity",US74164M1080,USD,51.52,51.52,1
"THO US Equity",US8851601018,USD,56.39,56.39,1
"CRL US Equity",US1598641074,USD,64.65,64.65,1
"THG US Equity",US4108671052,USD,68.18,68.18,1
"LDOS US Equity",US5253271028,USD,42.38,42.38,1
"JDSU US Equity",US46612J5074,USD,13.35,13.35,1
"SLH US Equity",US83421A1043,USD,48.86,48.86,1
"OSK US Equity",US6882392011,USD,45.65,45.65,1
"ORI US Equity",US6802231042,USD,13.98,13.98,1
"RGLD US Equity",US7802871084,USD,66.93,66.93,1
"IGT US Equity",US4599021023,USD,17,17,1
"ARRS US Equity",US04270V1061,USD,28.84,28.84,1
"TRN US Equity",US8965221091,USD,26.55,26.55,1
"ALGN US Equity",US0162551016,USD,57.45,57.45,1
"BC US Equity",US1170431092,USD,50.21,50.21,1
"ROL US Equity",US7757111049,USD,31.91,31.91,1
"FTNT US Equity",US34959E1091,USD,29.95,29.95,1
"SIRO US Equity",US82966C1036,USD,88.61,88.61,1
"HCC US Equity",US4041321021,USD,52.25,52.25,1
"PL US Equity",US7436741034,USD,69.67,69.67,1
"CVD US Equity",US2228161004,USD,104.61,104.61,1
"CDK US Equity",US12508E1010,USD,39.71,39.71,1
"OGE US Equity",US6708371033,USD,34.71,34.71,1
"LNT US Equity",US0188021085,USD,65.48,65.48,1
"RMD US Equity",US7611521078,USD,56.65,56.65,1
"COO US Equity",US2166484020,USD,157.12,157.12,1
"PII US Equity",US7310681025,USD,144.96,144.96,1
"NSR US Equity",US64126X2018,USD,26.75,26.75,1
"SLAB US Equity",US8269191024,USD,45.34,45.34,1
"IDCC US Equity",US45867G1013,USD,50.87,50.87,1
"HSNI US Equity",US4043031099,USD,73.77,73.77,1
"CNK US Equity",US17243V1026,USD,33.51,33.51,1
"BIL US Equity",US78464A6800,USD,45.73,45.73,1
"CPRT US Equity",US2172041061,USD,35.81,35.81,1
"RAX US Equity",US7500861007,USD,47.04,47.04,1
"EQIX US Equity",US29444U5020,USD,219.43,219.43,1
"ACXM US Equity",US0051251090,USD,19.08,19.08,1
"LPNT US Equity",US53219L1098,USD,69.55,69.55,1
"WOOF US Equity",US9181941017,USD,47.82,47.82,1
"BMR US Equity",US09063H1077,USD,22.48,22.48,1
"SNH US Equity",US81721M1099,USD,22.61,22.61,1
"OHI US Equity",US6819361006,USD,42.05,42.05,1
"CYH US Equity",US2036681086,USD,52.63,52.63,1
"ARE US Equity",US0152711091,USD,91.33,91.33,1
"MD US Equity",US58502B1061,USD,64.86,64.86,1
"ANN US Equity",US0356231078,USD,34.77,34.77,1
"CHS US Equity",US1686151028,USD,15.98,15.98,1
"AEO US Equity",US02553E1064,USD,13.95,13.95,1
"TKR US Equity",US8873891043,USD,40.57,40.57,1
"CRI US Equity",US1462291097,USD,82.88,82.88,1
"DCI US Equity",US2576511099,USD,37.07,37.07,1
"GNTX US Equity",US3719011096,USD,17.16,17.16,1
"WAB US Equity",US9297401088,USD,84.04,84.04,1
"IDXX US Equity",US45168D1046,USD,146.78,146.78,1
"MDC US Equity",US5526761086,USD,25.84,25.84,1
"KBH US Equity",US48666K1097,USD,15.56,15.56,1
"HMSY US Equity",US40425J1016,USD,20.76,20.76,1
"RCII US Equity",US76009N1000,USD,33.8,33.8,1
"BIG US Equity",US0893021032,USD,39.31,39.31,1
"AAN US Equity",US0025353006,USD,29.36,29.36,1
"WPX US Equity",US98212B1035,USD,10.98,10.98,1
"SM US Equity",US78454L1008,USD,35.91,35.91,1
"CLGX US Equity",US21871D1037,USD,30.75,30.75,1
"JNS US Equity",US47102X1054,USD,15.56,15.56,1
"DV US Equity",US2518931033,USD,42.99,42.99,1
"FII US Equity",US3142111034,USD,31.51,31.51,1
"BIO US Equity",US0905722072,USD,118.68,118.68,1
"FAF US Equity",US31847R1023,USD,32.65,32.65,1
"DST US Equity",US2333261079,USD,92.96,92.96,1
"APOL US Equity",US0376041051,USD,31.95,31.95,1
"WEX US Equity",US96208T1043,USD,94,94,1
"WDR US Equity",US9300591008,USD,46.9,46.9,1
"ULTI US Equity",US90385D1072,USD,141.41,141.41,1
"STR US Equity",US7483561020,USD,24.67,24.67,1
"MDU US Equity",US5526901096,USD,23.39,23.39,1
"WTR US Equity",US03836W1036,USD,26.35,26.35,1
"EGN US Equity",US29265N1081,USD,59.12,59.12,1
"EV US Equity",US2782651036,USD,38.76,38.76,1
"NVR US Equity",US62944T1051,USD,1249.51,1249.51,1
"GHC US Equity",US3846371041,USD,843.06,843.06,1
"JKHY US Equity",US4262811015,USD,61.41,61.41,1
"MSCI US Equity",US55354G1004,USD,48.61,48.61,1
"GPN US Equity",US37940X1028,USD,78.37,78.37,1
"TOL US Equity",US8894781033,USD,34.05,34.05,1
"NFG US Equity",US6361801011,USD,67.43,67.43,1
"FDS US Equity",US3030751057,USD,137.66,137.66,1
"SEIC US Equity",US7841171033,USD,38.38,38.38,1
"HOLX US Equity",US4364401012,USD,25.75,25.75,1
"TW US Equity",US8918941076,USD,111.02,111.02,1
"WERN US Equity",US9507551086,USD,29.74,29.74,1
"CNW US Equity",US2059441012,USD,45.69,45.69,1
"LSTR US Equity",US5150981018,USD,68.81,68.81,1
"ODFL US Equity",US6795801009,USD,74.12,74.12,1
"JBHT US Equity",US4456581077,USD,80.44,80.44,1
"ADVS US Equity",US0079741080,USD,29.27,29.27,1
"MDRX US Equity",US01988P1084,USD,12.66,12.66,1
"ACIW US Equity",US0044981019,USD,18.95,18.95,1
"CVLT US Equity",US2041661024,USD,48.81,48.81,1
"TYL US Equity",US9022521051,USD,104.91,104.91,1
"SWI US Equity",US83416B1098,USD,48.37,48.37,1
"INFA US Equity",US45666Q1022,USD,35.14,35.14,1
"ISCA US Equity",US4603352018,USD,30.58,30.58,1
"KN US Equity",US49926D1090,USD,22.01,22.01,1
"SMTC US Equity",US8168501018,USD,26.15,26.15,1
"ISIL US Equity",US46069S1096,USD,13.8,13.8,1
"FCS US Equity",US3037261035,USD,16.06,16.06,1
"VSH US Equity",US9282981086,USD,13.46,13.46,1
"LTM US Equity",US53217R2076,USD,54.65,54.65,1
"CY US Equity",US2328061096,USD,13.69,13.69,1
"IRF US Equity",US4602541058,USD,39.91,39.91,1
"IDTI US Equity",US4581181066,USD,17.25,17.25,1
"CREE US Equity",US2254471012,USD,29.75,29.75,1
"CXW US Equity",US22025Y4070,USD,36.92,36.92,1
"SCI US Equity",US8175651046,USD,22.52,22.52,1
"LYV US Equity",US5380341090,USD,24.82,24.82,1
"SWKS US Equity",US83088M1027,USD,69.83,69.83,1
"HYH US Equity",US40650V1008,USD,45.65,45.65,1
"HRC US Equity",US4314751029,USD,45.13,45.13,1
"STE US Equity",US8591521005,USD,64.55,64.55,1
"TFX US Equity",US8793691069,USD,110.57,110.57,1
"CRR US Equity",US1407811058,USD,36.55,36.55,1
"AF US Equity",US0462651045,USD,12.72,12.72,1
"HSC US Equity",US4158641070,USD,17.35,17.35,1
"GVA US Equity",US3873281071,USD,36.61,36.61,1
"GES US Equity",US4016171054,USD,20.56,20.56,1
"MLHR US Equity",US6005441000,USD,28.4,28.4,1
"ANF US Equity",US0028962076,USD,28.88,28.88,1
"NYT US Equity",US6501111073,USD,12.27,12.27,1
"BXS US Equity",US0596921033,USD,20.85,20.85,1
"WAFD US Equity",US9388241096,USD,21.21,21.21,1
"HNI US Equity",US4042511000,USD,49.11,49.11,1
"MDP US Equity",US5894331017,USD,50.75,50.75,1
"HBHC US Equity",US4101201097,USD,27.94,27.94,1
"GMT US Equity",US3614481030,USD,54.49,54.49,1
"BOH US Equity",US0625401098,USD,55.85,55.85,1
"TCB US Equity",US8722751026,USD,14.84,14.84,1
"TIME US Equity",US8872281048,USD,23.52,23.52,1
"UFS US Equity",US2575592033,USD,37.59,37.59,1
"ASB US Equity",US0454871056,USD,17.39,17.39,1
"DNOW US Equity",US67011P1003,USD,24.23,24.23,1
"CLH US Equity",US1844961078,USD,45.42,45.42,1
"DRQ US Equity",US2620371045,USD,72.48,72.48,1
"FMER US Equity",US3379151026,USD,17.64,17.64,1
"TPX US Equity",US88023U1016,USD,51.64,51.64,1
"XLS US Equity",US30162A1088,USD,16.67,16.67,1
"ESL US Equity",US2974251009,USD,106.59,106.59,1
"JW/A US Equity",US9682232064,USD,56.48,56.48,1
"RYN US Equity",US7549071030,USD,28.14,28.14,1
"SNV US Equity",US87161C5013,USD,25.57,25.57,1
"ITT US Equity",US4509112011,USD,37.13,37.13,1
"KATE US Equity",US4858651098,USD,29.57,29.57,1
"SLM US Equity",US78442P1066,USD,9.8,9.8,1
"CYN US Equity",US1785661059,USD,76.09,76.09,1
"CFR US Equity",US2298991090,USD,65.85,65.85,1
"ACM US Equity",US00766T1007,USD,28.73,28.73,1
"WCN US Equity",US9410531001,USD,43.32,43.32,1
"DRC US Equity",US2616081038,USD,81.05,81.05,1
"PKG US Equity",US6951561090,USD,76.86,76.86,1
"RKT US Equity",US7727392075,USD,59.56,59.56,1
"HME US Equity",US4373061039,USD,67.99,67.99,1
"ACC US Equity",US0248351001,USD,42.78,42.78,1
"MAA US Equity",US59522J1034,USD,77.18,77.18,1
"CPT US Equity",US1331311027,USD,75.62,75.62,1
"EXR US Equity",US30225T1025,USD,61.55,61.55,1
"UDR US Equity",US9026531049,USD,31.88,31.88,1
"ITRI US Equity",US4657411066,USD,40.24,40.24,1
"IBOC US Equity",US4590441030,USD,24.36,24.36,1
"MSA US Equity",US5534981064,USD,49.57,49.57,1
"CATY US Equity",US1491501045,USD,24.2,24.2,1
"CVG US Equity",US2124851062,USD,19.62,19.62,1
"OGS US Equity",US68235P1084,USD,41.3,41.3,1
"AHL US Equity",BMG053841059,USD,42.81,42.81,1
"DLX US Equity",US2480191012,USD,59.57,59.57,1
"WWD US Equity",US9807451037,USD,47.19,47.19,1
"RRD US Equity",US2578671016,USD,15.92,15.92,1
"RBC US Equity",US7587501039,USD,72.06,72.06,1
"TGI US Equity",US8968181011,USD,64.5,64.5,1
"CLC US Equity",US1798951075,USD,63.29,63.29,1
"CR US Equity",US2243991054,USD,56.64,56.64,1
"SPW US Equity",US7846351044,USD,80.81,80.81,1
"ATK US Equity",US0188041042,USD,113.42,113.42,1
"VVC US Equity",US92240G1013,USD,45.49,45.49,1
"UMPQ US Equity",US9042141039,USD,15.93,15.93,1
"RNR US Equity",BMG7496G1033,USD,94.6,94.6,1
"ZBRA US Equity",US9892071054,USD,75.79,75.79,1
"KEX US Equity",US4972661064,USD,77.79,77.79,1
"GGG US Equity",US3841091040,USD,78.09,78.09,1
"MAN US Equity",US56418H1005,USD,65.32,65.32,1
"ATO US Equity",US0495601058,USD,54.55,54.55,1
"KEYS US Equity",US49338L1035,USD,33.61,33.61,1
"SIVB US Equity",US78486Q1013,USD,108.29,108.29,1
"RGA US Equity",US7593516047,USD,84.64,84.64,1
"IEX US Equity",US45167R1041,USD,74.31,74.31,1
"SBNY US Equity",US82669G1040,USD,120.36,120.36,1
"BEAV US Equity",US0733021010,USD,58.72,58.72,1
"UGI US Equity",US9026811052,USD,36.4,36.4,1
"RE US Equity",BMG3223R1088,USD,168.97,168.97,1
"Y US Equity",US0171751003,USD,449.46,449.46,1
"MTD US Equity",US5926881054,USD,291.12,291.12,1
"CAB US Equity",US1268043015,USD,52.23,52.23,1
"LII US Equity",US5261071071,USD,93.85,93.85,1
"AOS US Equity",US8318652091,USD,54.58,54.58,1
"AYI US Equity",US00508Y1029,USD,134.81,134.81,1
"DKS US Equity",US2533931026,USD,49.24,49.24,1
"FBHS US Equity",US34964C1062,USD,43.19,43.19,1
"FL US Equity",US3448491049,USD,54.44,54.44,1
"SIG US Equity",BMG812761002,USD,128.43,128.43,1
"TRMK US Equity",US8984021027,USD,23.06,23.06,1
"VLY US Equity",US9197941076,USD,9.24,9.24,1
"FULT US Equity",US3602711000,USD,11.85,11.85,1
"WBS US Equity",US9478901096,USD,30.83,30.83,1
"FNFG US Equity",US33582V1089,USD,7.83,7.83,1
"FHN US Equity",US3205171057,USD,12.83,12.83,1
"PB US Equity",US7436061052,USD,51.56,51.56,1
"CBSH US Equity",US2005251036,USD,41.41,41.41,1
"PACW US Equity",US6952631033,USD,43.51,43.51,1
"EWBC US Equity",US27579R1041,USD,36.76,36.76,1
"NYCB US Equity",US6494451031,USD,15.53,15.53,1
"ROSE US Equity",US7777793073,USD,19.35,19.35,1
"CLI US Equity",US5544891048,USD,19.35,19.35,1
"OLN US Equity",US6806652052,USD,22.15,22.15,1
"UNT US Equity",US9092181091,USD,30.62,30.62,1
"CMC US Equity",US2017231034,USD,14.42,14.42,1
"WOR US Equity",US9818111026,USD,27.93,27.93,1
"KLXI US Equity",US4825391034,USD,40.81,40.81,1
"BKH US Equity",US0921131092,USD,51.06,51.06,1
"DBD US Equity",US2536511031,USD,32.31,32.31,1
"PTEN US Equity",US7034811015,USD,15.25,15.25,1
"OIS US Equity",US6780261052,USD,45.94,45.94,1
"OFC US Equity",US22002T1088,USD,28.87,28.87,1
"WPG US Equity",US9396471032,USD,17.5,17.5,1
"CBT US Equity",US1270551013,USD,42.77,42.77,1
"EQY US Equity",US2947521009,USD,26.09,26.09,1
"CNL US Equity",US12561W1053,USD,54.66,54.66,1
"HE US Equity",US4198701009,USD,33.25,33.25,1
"SKT US Equity",US8754651060,USD,38.3,38.3,1
"WSO US Equity",US9426222009,USD,104.92,104.92,1
"HIW US Equity",US4312841087,USD,45.36,45.36,1
"PAY US Equity",US92342Y1091,USD,36.5,36.5,1
"WRI US Equity",US9487411038,USD,35.48,35.48,1
"ALB US Equity",US0126531013,USD,57.17,57.17,1
"RS US Equity",US7595091023,USD,57.44,57.44,1
"TCO US Equity",US8766641034,USD,79.43,79.43,1
"NCR US Equity",US62886E1082,USD,27.67,27.67,1
"NEU US Equity",US6515871076,USD,395.42,395.42,1
"MSM US Equity",US5535301064,USD,78.38,78.38,1
"NNN US Equity",US6374171063,USD,41.52,41.52,1
"WR US Equity",US95709T1007,USD,40.71,40.71,1
"LPT US Equity",US5311721048,USD,38.36,38.36,1
"REG US Equity",US7588491032,USD,66.01,66.01,1
"KRC US Equity",US49427F1084,USD,70.85,70.85,1
"DRE US Equity",US2644115055,USD,20.69,20.69,1
"FRT US Equity",US3137472060,USD,139.38,139.38,1
"O US Equity",US7561091049,USD,50.27,50.27,1
"SLG US Equity",US78440X1019,USD,122.92,122.92,1
"TDW US Equity",US8864231027,USD,29.99,29.99,1
"ATW US Equity",US0500951084,USD,27.2,27.2,1
"HLX US Equity",US42330P1075,USD,19.3,19.3,1
"RDC US Equity",GB00B6SLMV12,USD,23.7,23.7,1
"SPN US Equity",US8681571084,USD,18.8,18.8,1
"FCN US Equity",US3029411093,USD,37.04,37.04,1
"CEB US Equity",US21988R1023,USD,68.12,68.12,1
"BRO US Equity",US1152361010,USD,31.98,31.98,1
"JLL US Equity",US48020Q1076,USD,146.25,146.25,1
"IT US Equity",US3666511072,USD,81.35,81.35,1
"AJG US Equity",US3635761097,USD,46.61,46.61,1
"TMST US Equity",US8873991033,USD,34.61,34.61,1
"GEF US Equity",US3976241071,USD,44.67,44.67,1
"CRS US Equity",US1442851036,USD,44.43,44.43,1
"VMI US Equity",US9202531011,USD,122.84,122.84,1
"SLGN US Equity",US8270481091,USD,53.36,53.36,1
"EXP US Equity",US26969P1084,USD,71.71,71.71,1
"X US Equity",US9129091081,USD,24.58,24.58,1
"ATR US Equity",US0383361039,USD,63.91,63.91,1
"SON US Equity",US8354951027,USD,42.54,42.54,1
"BMS US Equity",US0814371052,USD,44.21,44.21,1
"STLD US Equity",US8581191009,USD,18.16,18.16,1
"CSL US Equity",US1423391002,USD,89.12,89.12,1
"MTX US Equity",US6031581068,USD,62.22,62.22,1
"KMT US Equity",US4891701009,USD,33.61,33.61,1
"CYT US Equity",US2328201007,USD,44.55,44.55,1
"POL US Equity",US73179P1066,USD,36.14,36.14,1
"CGNX US Equity",US1924221039,USD,38.09,38.09,1
"FEIC US Equity",US30241L1098,USD,84.1,84.1,1
"IPGP US Equity",US44980X1090,USD,73.27,73.27,1
"NDSN US Equity",US6556631025,USD,74.71,74.71,1
"LECO US Equity",US5339001068,USD,65.73,65.73,1
"RPM US Equity",US7496851038,USD,49.08,49.08,1
"VAL US Equity",US9203551042,USD,84.26,84.26,1
"ASH US Equity",US0442091049,USD,116.45,116.45,1
"TECD US Equity",US8782371061,USD,58.77,58.77,1
"DDD US Equity",US88554D2053,USD,30.15,30.15,1
"IM US Equity",US4571531049,USD,25.99,25.99,1
"ARW US Equity",US0427351004,USD,54.88,54.88,1
"AVT US Equity",US0538071038,USD,41.1,41.1,1
"HBAN US Equity",US4461501045,USD,9.92,9.92,1
"FITB US Equity",US3167731005,USD,18.81,18.81,1
"HCBK US Equity",US4436831071,USD,9.56,9.56,1
"COF US Equity",US14040H1059,USD,79.09,79.09,1
"KIM US Equity",US49446R1095,USD,25.84,25.84,1
"MAC US Equity",US5543821012,USD,85.49,85.49,1
"PLD US Equity",US74340W1036,USD,43.55,43.55,1
"GGP US Equity",US3700231034,USD,29.15,29.15,1
"SPG US Equity",US8288061091,USD,191.28,191.28,1
"PBCT US Equity",US7127041058,USD,14.55,14.55,1
"ZION US Equity",US9897011071,USD,26.19,26.19,1
"KEY US Equity",US4932671088,USD,13.03,13.03,1
"RF US Equity",US7591EP1005,USD,9.81,9.81,1
"NTRS US Equity",US6658591044,USD,63.24,63.24,1
"MTB US Equity",US55261F1049,USD,118.63,118.63,1
"STI US Equity",US8679141031,USD,39.08,39.08,1
"BBT US Equity",US0549371070,USD,36.7,36.7,1
"MET US Equity",US59156R1086,USD,50.53,50.53,1
"USB US Equity",US9029733048,USD,43.17,43.17,1
"LNC US Equity",US5341871094,USD,53.87,53.87,1
"HIG US Equity",US4165151048,USD,40.24,40.24,1
"AIG US Equity",US0268747849,USD,54.22,54.22,1
"GNW US Equity",US37247D1063,USD,8.04,8.04,1
"PFG US Equity",US74251V1026,USD,49.4,49.4,1
"PRU US Equity",US7443201022,USD,85.44,85.44,1
"PHM US Equity",US7458671010,USD,20.7,20.7,1
"LEN US Equity",US5260571048,USD,43.58,43.58,1
"DHI US Equity",US23331A1097,USD,24.11,24.11,1
"BXP US Equity",US1011211018,USD,135.02,135.02,1
"VNO US Equity",US9290421091,USD,120.64,120.64,1
"ETFC US Equity",US2692464017,USD,22.59,22.59,1
"AMP US Equity",US03076C1062,USD,124.41,124.41,1
"SCHW US Equity",US8085131055,USD,28.14,28.14,1
"PNC US Equity",US6934751057,USD,85.76,85.76,1
"C US Equity",US1729674242,USD,50.7,50.7,1
"BAC US Equity",US0605051046,USD,16.86,16.86,1
"JPM US Equity",US46625H1005,USD,58.98,58.98,1
"WFC US Equity",US9497461015,USD,52.09,52.09,1
"PWR US Equity",US74762E1029,USD,27.21,27.21,1
"TMK US Equity",US8910271043,USD,52.47,52.47,1
"UNM US Equity",US91529Y1064,USD,32.92,32.92,1
"WYNN US Equity",US9831341071,USD,141.31,141.31,1
"RCL US Equity",LR0008862868,USD,81.95,81.95,1
"CCI US Equity",US22822V1017,USD,78.85,78.85,1
"AFL US Equity",US0010551028,USD,58.95,58.95,1
"CCL US Equity",PA1436583006,USD,45.83,45.83,1
"AMT US Equity",US03027X1000,USD,97.97,97.97,1
"AIV US Equity",US03748R1014,USD,38.53,38.53,1
"ESS US Equity",US2971781057,USD,214.23,214.23,1
"AVB US Equity",US0534841012,USD,169.2,169.2,1
"EQR US Equity",US29476L1070,USD,74.48,74.48,1
"PSA US Equity",US74460D1090,USD,191.32,191.32,1
"CMA US Equity",US2003401070,USD,43.3,43.3,1
"ADS US Equity",US0185811082,USD,277.82,277.82,1
"DFS US Equity",US2547091080,USD,62.4,62.4,1
"AXP US Equity",US0258161092,USD,88.63,88.63,1
"ACE US Equity",CH0044328745,USD,111.58,111.58,1
"AIZ US Equity",US04621X1081,USD,65.33,65.33,1
"WYN US Equity",US98310W1080,USD,82.85,82.85,1
"HOT US Equity",US85590A4013,USD,76.03,76.03,1
"HST US Equity",US44107P1049,USD,23.52,23.52,1
"MAR US Equity",US5719032022,USD,74.67,74.67,1
"MS US Equity",US6174464486,USD,36.42,36.42,1
"GS US Equity",US38141G1040,USD,184.53,184.53,1
"PGR US Equity",US7433151039,USD,26.41,26.41,1
"CB US Equity",US1712321017,USD,100.58,100.58,1
"ALL US Equity",US0200021014,USD,68.68,68.68,1
"TRV US Equity",US89417E1091,USD,103.24,103.24,1
"XL US Equity",IE00B5LRLL25,USD,34.83,34.83,1
"CINF US Equity",US1720621010,USD,50.48,50.48,1
"L US Equity",US5404241086,USD,40.02,40.02,1
"BRK/B US Equity",US0846707026,USD,146.84,146.84,1
"QEP US Equity",US74733V1008,USD,18.67,18.67,1
"NFX US Equity",US6512901082,USD,24.6,24.6,1
"XEC US Equity",US1717981013,USD,98.92,98.92,1
"RRC US Equity",US75281A1097,USD,50.59,50.59,1
"SWN US Equity",US8454671095,USD,24.71,24.71,1
"COG US Equity",US1270971039,USD,28.05,28.05,1
"CHK US Equity",US1651671075,USD,17.99,17.99,1
"PXD US Equity",US7237871071,USD,139.46,139.46,1
"DVN US Equity",US25179M1036,USD,57.5,57.5,1
"WMB US Equity",US9694571004,USD,42.84,42.84,1
"APC US Equity",US0325111070,USD,75.24,75.24,1
"EOG US Equity",US26875P1012,USD,84.21,84.21,1
"IPG US Equity",US4606901001,USD,19.14,19.14,1
"CBG US Equity",US12504L1098,USD,33.66,33.66,1
"NLSN US Equity",NL0009538479,USD,42.65,42.65,1
"OMC US Equity",US6819191064,USD,74.08,74.08,1
"AON US Equity",GB00B5BT0K07,USD,92.86,92.86,1
"MMC US Equity",US5717481023,USD,55.81,55.81,1
"NBR US Equity",BMG6359F1032,USD,11.66,11.66,1
"TSS US Equity",US8919061098,USD,33.34,33.34,1
"POM US Equity",US7132911022,USD,27.1,27.1,1
"VRSN US Equity",US92343E1029,USD,55.18,55.18,1
"PNW US Equity",US7234841010,USD,68.41,68.41,1
"HP US Equity",US4234521015,USD,63.66,63.66,1
"NAVI US Equity",US63938C1080,USD,20.9,20.9,1
"CMS US Equity",US1258961002,USD,34.91,34.91,1
"SNI US Equity",US8110651010,USD,72.75,72.75,1
"DTE US Equity",US2333311072,USD,86.03,86.03,1
"ETR US Equity",US29364G1031,USD,86.89,86.89,1
"FISV US Equity",US3377381088,USD,69.89,69.89,1
"FIS US Equity",US31620M1062,USD,61.25,61.25,1
"PEG US Equity",US7445731067,USD,40.93,40.93,1
"DISCA US Equity",US25470F1049,USD,31.98,31.98,1
"DISCK US Equity",US25470F3029,USD,31.12,31.12,1
"BHI US Equity",US0572241075,USD,54.99,54.99,1
"PCG US Equity",US69331C1080,USD,54.16,54.16,1
"SRE US Equity",US8168511090,USD,109.01,109.01,1
"CBS US Equity",US1248572026,USD,53.19,53.19,1
"VIAB US Equity",US92553P2011,USD,71.85,71.85,1
"EXC US Equity",US30161N1019,USD,36.22,36.22,1
"HAL US Equity",US4062161017,USD,38.33,38.33,1
"NEE US Equity",US65339F1012,USD,105.97,105.97,1
"SLB US Equity",AN8068571086,USD,81.72,81.72,1
"GME US Equity",US36467W1099,USD,33.69,33.69,1
"TE US Equity",US8723751009,USD,20.14,20.14,1
"NE US Equity",GB00BFG3KF26,USD,15.41,15.41,1
"DO US Equity",US25271C1027,USD,33.93,33.93,1
"GAS US Equity",US0012041069,USD,53.13,53.13,1
"RIG US Equity",CH0048265513,USD,16.46,16.46,1
"FMC US Equity",US3024913036,USD,56.08,56.08,1
"ESV US Equity",GB00B4VLR192,USD,27.99,27.99,1
"SCG US Equity",US80589M1027,USD,60.53,60.53,1
"ARG US Equity",US0093631028,USD,112.47,112.47,1
"NWSA US Equity",US65249B1098,USD,14.91,14.91,1
"CNP US Equity",US15189T1079,USD,22.37,22.37,1
"OKE US Equity",US6826801036,USD,45.1,45.1,1
"AEE US Equity",US0236081024,USD,45,45,1
"EXPE US Equity",US30212P3038,USD,84.17,84.17,1
"SRCL US Equity",US8589121081,USD,130.5,130.5,1
"EMN US Equity",US2774321002,USD,73.53,73.53,1
"WEC US Equity",US9766571064,USD,52.68,52.68,1
"KSS US Equity",US5002551043,USD,59.15,59.15,1
"NI US Equity",US65473P1057,USD,41.46,41.46,1
"CF US Equity",US1252691001,USD,282.68,282.68,1
"RSG US Equity",US7607591002,USD,40.48,40.48,1
"MOS US Equity",US61945C1036,USD,45.55,45.55,1
"XEL US Equity",US98389B1008,USD,35.9,35.9,1
"ROST US Equity",US7782961038,USD,93.84,93.84,1
"NFLX US Equity",US64110L1061,USD,325.51,325.51,1
"WM US Equity",US94106L1098,USD,51.27,51.27,1
"PPL US Equity",US69351T1060,USD,35.51,35.51,1
"SE US Equity",US8475601097,USD,33.93,33.93,1
"SHW US Equity",US8243481061,USD,260.87,260.87,1
"PPG US Equity",US6935061076,USD,222.93,222.93,1
"APD US Equity",US0091581068,USD,140.73,140.73,1
"PX US Equity",US74005P1049,USD,124.9,124.9,1
"LYB US Equity",NL0009434992,USD,74.43,74.43,1
"SO US Equity",US8425871071,USD,49.75,49.75,1
"TJX US Equity",US8725401090,USD,66.87,66.87,1
"DOW US Equity",US2605431038,USD,43.47,43.47,1
"PCLN US Equity",US7415034039,USD,1079.96,1079.96,1
"DUK US Equity",US26441C2044,USD,84.2,84.2,1
"MON US Equity",US61166W1018,USD,116.25,116.25,1
"LOW US Equity",US5486611073,USD,66.23,66.23,1
"DD US Equity",US2635341090,USD,70.89,70.89,1
"TWX US Equity",US8873173038,USD,82.3,82.3,1
"FOXA US Equity",US90130A1016,USD,36.62,36.62,1
"KMI US Equity",US49456B1017,USD,40.83,40.83,1
"HD US Equity",US4370761029,USD,100.95,100.95,1
"DIS US Equity",US2546871060,USD,91.89,91.89,1
"FOSL US Equity",US34988V1061,USD,107.26,107.26,1
"HAS US Equity",US4180561072,USD,54.41,54.41,1
"SNA US Equity",US8330341012,USD,133.43,133.43,1
"LUK US Equity",US5272881047,USD,21.66,21.66,1
"MAT US Equity",US5770811025,USD,29.81,29.81,1
"PVH US Equity",US6936561009,USD,116.98,116.98,1
"TXT US Equity",US8832031012,USD,41.18,41.18,1
"DOV US Equity",US2600031080,USD,69.14,69.14,1
"WHR US Equity",US9633201069,USD,187.47,187.47,1
"SWK US Equity",US8545021011,USD,93.03,93.03,1
"RL US Equity",US7512121010,USD,174.41,174.41,1
"APH US Equity",US0320951017,USD,51.99,51.99,1
"GMCR US Equity",US49271M1009,USD,127.19,127.19,1
"TEL US Equity",CH0102993182,USD,61.19,61.19,1
"NOC US Equity",US6668071029,USD,144.16,144.16,1
"ETN US Equity",IE00B8KQN827,USD,64.39,64.39,1
"RTN US Equity",US7551115071,USD,106.24,106.24,1
"ITW US Equity",US4523081093,USD,91.07,91.07,1
"EMR US Equity",US2910111044,USD,60.42,60.42,1
"GD US Equity",US3695501086,USD,135.72,135.72,1
"DHR US Equity",US2358511028,USD,84.29,84.29,1
"LMT US Equity",US5398301094,USD,188.4,188.4,1
"HON US Equity",US4385161066,USD,98.09,98.09,1
"NKE US Equity",US6541061031,USD,92.95,92.95,1
"BA US Equity",US0970231058,USD,127.53,127.53,1
"UTX US Equity",US9130171096,USD,111.52,111.52,1
"MMM US Equity",US88579Y1010,USD,158.65,158.65,1
"GE US Equity",US3696041033,USD,24.07,24.07,1
"WIN US Equity",US97382A1016,USD,8.1,8.1,1
"CVC US Equity",US12686C1099,USD,19.31,19.31,1
"ADT US Equity",US00101J1060,USD,34.75,34.75,1
"FTR US Equity",US35906A1088,USD,6.44,6.44,1
"VAR US Equity",US92220P1057,USD,84.86,84.86,1
"CFN US Equity",US14170T1016,USD,59.44,59.44,1
"BCR US Equity",US0673831097,USD,165.56,165.56,1
"LVLT US Equity",US52729N3089,USD,47.02,47.02,1
"TYC US Equity",IE00BQRQXQ92,USD,42.48,42.48,1
"ISRG US Equity",US46120E6023,USD,519.79,519.79,1
"CTL US Equity",US1567001060,USD,38.27,38.27,1
"BDX US Equity",US0758871091,USD,140.45,140.45,1
"TWC US Equity",US88732J2078,USD,145,145,1
"CMCSA US Equity",US20030N1019,USD,55.23,55.23,1
"T US Equity",US00206R1023,USD,33.6,33.6,1
"DNB US Equity",US26483E1001,USD,117.16,117.16,1
"LM US Equity",US5249011058,USD,52.4,52.4,1
"LH US Equity",US50540R4092,USD,110.6,110.6,1
"DGX US Equity",US74834L1008,USD,66.27,66.27,1
"NVDA US Equity",US67066G1040,USD,19.19,19.19,1
"AMG US Equity",US0082521081,USD,198.43,198.43,1
"DVA US Equity",US23918K1088,USD,73.62,73.62,1
"IVZ US Equity",BMG491BT1088,USD,37.21,37.21,1
"NBL US Equity",US6550441058,USD,41.9,41.9,1
"MCO US Equity",US6153691059,USD,93.02,93.02,1
"HCP US Equity",US40414L1098,USD,46.16,46.16,1
"VTR US Equity",US92276F1003,USD,75.32,75.32,1
"TROW US Equity",US74144T1088,USD,82.31,82.31,1
"APA US Equity",US0374111054,USD,59.26,59.26,1
"MHFI US Equity",US5806451093,USD,85.83,85.83,1
"HCN US Equity",US42217K1060,USD,79.01,79.01,1
"BEN US Equity",US3546131018,USD,52.6,52.6,1
"BLK US Equity",US09247X1019,USD,342.1,342.1,1
"OXY US Equity",US6745991058,USD,77,77,1
"INTC US Equity",US4581401001,USD,35.28,35.28,1
"BIIB US Equity",US09062X1037,USD,334.65,334.65,1
"CELG US Equity",US1510201049,USD,110.51,110.51,1
"ABBV US Equity",US00287Y1091,USD,64.33,64.33,1
"AMGN US Equity",US0311621009,USD,152.9,152.9,1
"GILD US Equity",US3755581036,USD,97.65,97.65,1
"OI US Equity",US6907684038,USD,25.36,25.36,1
"ALLE US Equity",IE00BFRT3W74,USD,54.85,54.85,1
"HAR US Equity",US4130861093,USD,96.86,96.86,1
"HRS US Equity",US4138751056,USD,68.29,68.29,1
"GT US Equity",US3825501014,USD,27.78,27.78,1
"SEE US Equity",US81211K1007,USD,42.31,42.31,1
"BLL US Equity",US0584981064,USD,65.69,65.69,1
"NEM US Equity",US6516391066,USD,20.27,20.27,1
"LLL US Equity",US5024241045,USD,123.64,123.64,1
"COL US Equity",US7743411016,USD,83.77,83.77,1
"BWA US Equity",US0997241064,USD,52.79,52.79,1
"NTAP US Equity",US64110D1046,USD,39.69,39.69,1
"JWN US Equity",US6556641008,USD,76.79,76.79,1
"M US Equity",US55616P1049,USD,64.89,64.89,1
"DLPH US Equity",JE00B783TY65,USD,68.98,68.98,1
"STX US Equity",IE00B58JVZ52,USD,63.86,63.86,1
"FCX US Equity",US35671D8570,USD,22.53,22.53,1
"CMI US Equity",US2310211063,USD,142.25,142.25,1
"WDC US Equity",US9581021055,USD,106.54,106.54,1
"CI US Equity",US1255091092,USD,101.46,101.46,1
"AET US Equity",US00817Y1082,USD,87.73,87.73,1
"JCI US Equity",US4783661071,USD,45.78,45.78,1
"ANTM US Equity",US0367521038,USD,124.94,124.94,1
"EMC US Equity",US2686481027,USD,28.68,28.68,1
"UNH US Equity",US91324P1021,USD,98.92,98.92,1
"TRIP US Equity",US8969452015,USD,70.01,70.01,1
"CPB US Equity",US1344291091,USD,43.04,43.04,1
"CAG US Equity",US2058871029,USD,35.08,35.08,1
"GIS US Equity",US3703341046,USD,52.02,52.02,1
"KRFT US Equity",US50076Q1067,USD,61.86,61.86,1
"YHOO US Equity",US9843321061,USD,49.21,49.21,1
"MDLZ US Equity",US6092071058,USD,35.99,35.99,1
"FB US Equity",US30303M1027,USD,76.15,76.15,1
"GOOGL US Equity",US38259P5089,USD,506.64,506.64,1
"GOOG US Equity",US38259P7069,USD,501.96,501.96,1
"AVGO US Equity",SG9999006241,USD,96.25,96.25,1
"BRCM US Equity",US1113201073,USD,41.12,41.12,1
"QCOM US Equity",US7475251036,USD,72.88,72.88,1
"AN US Equity",US05329W1027,USD,59.12,59.12,1
"EW US Equity",US28176E1082,USD,127.02,127.02,1
"KMX US Equity",US1431301027,USD,63.77,63.77,1
"GPC US Equity",US3724601055,USD,101.5,101.5,1
"BSX US Equity",US1011371077,USD,13.7,13.7,1
"STJ US Equity",US7908491035,USD,64.41,64.41,1
"ZMH US Equity",US98956P1021,USD,115.8,115.8,1
"ORLY US Equity",US67103H1077,USD,188.08,188.08,1
"AZO US Equity",US0533321024,USD,607.82,607.82,1
"ZTS US Equity",US98978V1035,USD,42.63,42.63,1
"VRTX US Equity",US92532F1003,USD,117.36,117.36,1
"SYK US Equity",US8636671013,USD,92.41,92.41,1
"ALXN US Equity",US0153511094,USD,177.95,177.95,1
"REGN US Equity",US75886F1075,USD,396.89,396.89,1
"MDT US Equity",US5850551061,USD,71.22,71.22,1
"THC US Equity",US88033G4073,USD,48.56,48.56,1
"JEC US Equity",US4698141078,USD,42.25,42.25,1
"TEG US Equity",US45822P1057,USD,77.34,77.34,1
"XYL US Equity",US98419M1009,USD,35.5,35.5,1
"PCL US Equity",US7292511083,USD,42.84,42.84,1
"MWV US Equity",US5833341077,USD,42.58,42.58,1
"SWY US Equity",US7865142084,USD,35.17,35.17,1
"MLM US Equity",US5732841060,USD,105.31,105.31,1
"FLS US Equity",US34354P1057,USD,56.89,56.89,1
"PETM US Equity",US7167681060,USD,81.26,81.26,1
"VMC US Equity",US9291601097,USD,64.98,64.98,1
"CSC US Equity",US2053631048,USD,62.13,62.13,1
"FDO US Equity",US3070001090,USD,78.67,78.67,1
"FLR US Equity",US3434121022,USD,58,58,1
"CAM US Equity",US13342B1052,USD,47,47,1
"PLL US Equity",US6964293079,USD,99.47,99.47,1
"UHS US Equity",US9139031002,USD,108.74,108.74,1
"PNR US Equity",IE00BLS09M33,USD,63.41,63.41,1
"DLTR US Equity",US2567461080,USD,68.67,68.67,1
"FE US Equity",US3379321074,USD,38.35,38.35,1
"NU US Equity",US6643971061,USD,53.29,53.29,1
"PAYX US Equity",US7043261079,USD,45.99,45.99,1
"WFM US Equity",US9668371068,USD,49.46,49.46,1
"WY US Equity",US9621661043,USD,36.07,36.07,1
"ED US Equity",US2091151041,USD,66.08,66.08,1
"ABC US Equity",US03073E1055,USD,90.18,90.18,1
"DG US Equity",US2566771059,USD,69.43,69.43,1
"EIX US Equity",US2810201077,USD,65.6,65.6,1
"IP US Equity",US4601461035,USD,51.69,51.69,1
"CAH US Equity",US14149Y1082,USD,79.19,79.19,1
"NOV US Equity",US6370711011,USD,61.73,61.73,1
"AEP US Equity",US0255371017,USD,60.58,60.58,1
"CTSH US Equity",US1924461023,USD,50.98,50.98,1
"STT US Equity",US8574771031,USD,74.85,74.85,1
"ADP US Equity",US0530151036,USD,82.54,82.54,1
"D US Equity",US25746U1097,USD,76.16,76.16,1
"BK US Equity",US0640581007,USD,38.28,38.28,1
"MCK US Equity",US58155Q1031,USD,208.42,208.42,1
"EBAY US Equity",US2786421030,USD,55.02,55.02,1
"MA US Equity",US57636Q1040,USD,83.09,83.09,1
"AMZN US Equity",US0231351067,USD,295.29,295.29,1
"IBM US Equity",US4592001014,USD,156.07,156.07,1
"V US Equity",US92826C8394,USD,257.5,257.5,1
"FSLR US Equity",US3364331070,USD,40.86,40.86,1
"JOY US Equity",US4811651086,USD,44.5,44.5,1
"FLIR US Equity",US3024451011,USD,30.65,30.65,1
"R US Equity",US7835491082,USD,88.34,88.34,1
"LEG US Equity",US5246601075,USD,41.81,41.81,1
"EXPD US Equity",US3021301094,USD,42.55,42.55,1
"MAS US Equity",US5745991068,USD,24.55,24.55,1
"NWL US Equity",US6512291062,USD,36.77,36.77,1
"URI US Equity",US9113631090,USD,89.39,89.39,1
"CHRW US Equity",US12541W2098,USD,69.68,69.68,1
"MHK US Equity",US6081901042,USD,152.74,152.74,1
"AME US Equity",US0311001004,USD,50.06,50.06,1
"KSU US Equity",US4851703029,USD,112.71,112.71,1
"A US Equity",US00846U1016,USD,39.18,39.18,1
"FAST US Equity",US3119001044,USD,45.79,45.79,1
"UA US Equity",US9043111072,USD,64.22,64.22,1
"ROP US Equity",US7766961061,USD,149.91,149.91,1
"IR US Equity",IE00B6330302,USD,60.86,60.86,1
"GWW US Equity",US3848021040,USD,245.45,245.45,1
"PCAR US Equity",US6937181088,USD,65.95,65.95,1
"GLW US Equity",US2193501051,USD,22.3,22.3,1
"VFC US Equity",US9182041080,USD,72.71,72.71,1
"NSC US Equity",US6558441084,USD,103,103,1
"CSX US Equity",US1264081035,USD,33.49,33.49,1
"FDX US Equity",US31428X1063,USD,169.79,169.79,1
"CAT US Equity",US1491231015,USD,86.47,86.47,1
"UPS US Equity",US9113121068,USD,107.46,107.46,1
"UNP US Equity",US9078181081,USD,112.23,112.23,1
"AVY US Equity",US0536111091,USD,51.66,51.66,1
"RHI US Equity",US7703231032,USD,56.33,56.33,1
"ACN US Equity",IE00B4BNMY34,USD,86.71,86.71,1
"NDAQ US Equity",US6311031081,USD,47.58,47.58,1
"MCHP US Equity",US5950171042,USD,43.02,43.02,1
"HRL US Equity",US4404521001,USD,50.32,50.32,1
"TSN US Equity",US9024941034,USD,39.26,39.26,1
"SNDK US Equity",US80004C1018,USD,95.46,95.46,1
"ICE US Equity",US45866F1049,USD,215.7,215.7,1
"CME US Equity",US12572Q1058,USD,87.29,87.29,1
"MU US Equity",US5951121038,USD,32.87,32.87,1
"HSP US Equity",US4410601003,USD,60.63,60.63,1
"MNK US Equity",IE00BBGT3753,USD,93.89,93.89,1
"MYL US Equity",US6285301072,USD,54.18,54.18,1
"PRGO US Equity",IE00BGH1M568,USD,164.6,164.6,1
"ACT US Equity",IE00BD1NQJ95,USD,255.17,255.17,1
"ATI US Equity",US01741R1023,USD,31.59,31.59,1
"URBN US Equity",US9170471026,USD,34.48,34.48,1
"PKI US Equity",US7140461093,USD,42.66,42.66,1
"TDC US Equity",US88076W1036,USD,42.63,42.63,1
"NRG US Equity",US6293775085,USD,26.11,26.11,1
"CTAS US Equity",US1729081059,USD,76.87,76.87,1
"WAT US Equity",US9418481035,USD,112.53,112.53,1
"AES US Equity",US00130H1059,USD,13.01,13.01,1
"COH US Equity",US1897541041,USD,36.3,36.3,1
"CTXS US Equity",US1773761002,USD,60.33,60.33,1
"TSCO US Equity",US8923561067,USD,75.3,75.3,1
"CCE US Equity",US19122T1097,USD,43.02,43.02,1
"SPLS US Equity",US8550301027,USD,17.31,17.31,1
"RHT US Equity",US7565771026,USD,67.5,67.5,1
"TIF US Equity",US8865471085,USD,102.17,102.17,1
"BBBY US Equity",US0758961009,USD,75.43,75.43,1
"BBY US Equity",US0865161014,USD,37.45,37.45,1
"CA US Equity",US12673P1057,USD,30.27,30.27,1
"HOG US Equity",US4128221086,USD,63.73,63.73,1
"DPS US Equity",US26138E1091,USD,71.48,71.48,1
"KORS US Equity",VGG607541015,USD,66.87,66.87,1
"NUE US Equity",US6703461052,USD,46.46,46.46,1
"SYMC US Equity",US8715031089,USD,24.84,24.84,1
"MNST US Equity",US6117401017,USD,112.28,112.28,1
"PH US Equity",US7010941042,USD,121.81,121.81,1
"AA US Equity",US0138171014,USD,15.07,15.07,1
"CMG US Equity",US1696561059,USD,664.38,664.38,1
"CERN US Equity",US1567821046,USD,63.52,63.52,1
"LO US Equity",US5441471019,USD,62.57,62.57,1
"SYY US Equity",US8718291078,USD,39.25,39.25,1
"YUM US Equity",US9884981013,USD,70.01,70.01,1
"KR US Equity",US5010441013,USD,63.08,63.08,1
"PCP US Equity",US7401891053,USD,230.98,230.98,1
"RAI US Equity",US7617131062,USD,63.44,63.44,1
"CRM US Equity",US79466L3024,USD,57.2,57.2,1
"COV US Equity",IE00B68SQD29,USD,102.08,102.08,1
"TGT US Equity",US87612E1064,USD,73.97,73.97,1
"TMO US Equity",US8835561023,USD,125.18,125.18,1
"GM US Equity",US37045V1008,USD,34.85,34.85,1
"F US Equity",US3453708600,USD,14.62,14.62,1
"SBUX US Equity",US8552441094,USD,79.23,79.23,1
"COST US Equity",US22160K1051,USD,141.85,141.85,1
"WBA US Equity",US9314271084,USD,74.69,74.69,1
"MCD US Equity",US5801351017,USD,92.4,92.4,1
"MO US Equity",US02209S1033,USD,48.98,48.98,1
"CVS US Equity",US1266501006,USD,94.23,94.23,1
"PM US Equity",US7181721090,USD,81.1,81.1,1
"KO US Equity",US1912161007,USD,42.46,42.46,1
"ORCL US Equity",US68389X1054,USD,43.14,43.14,1
"WMT US Equity",US9311421039,USD,86.31,86.31,1
"LLTC US Equity",US5356781063,USD,44.06,44.06,1
"ALTR US Equity",US0214411003,USD,36.16,36.16,1
"XLNX US Equity",US9839191015,USD,42.18,42.18,1
"ADI US Equity",US0326541051,USD,53.25,53.25,1
"TXN US Equity",US8825081040,USD,51.78,51.78,1
"XRAY US Equity",US2490301072,USD,50.93,50.93,1
"BAX US Equity",US0718131099,USD,71.11,71.11,1
"AGN US Equity",US0184901025,USD,209.37,209.37,1
"ABT US Equity",US0028241000,USD,44.4,44.4,1
"LLY US Equity",US5324571083,USD,69.72,69.72,1
"BMY US Equity",US1101221083,USD,58.48,58.48,1
"MRK US Equity",US58933Y1055,USD,60.32,60.32,1
"PFE US Equity",US7170811035,USD,31.42,31.42,1
"JNJ US Equity",US4781601046,USD,103.28,103.28,1
"DNR US Equity",US2479162081,USD,7.09,7.09,1
"PBI US Equity",US7244791007,USD,24.07,24.07,1
"TSO US Equity",US8816091016,USD,71.81,71.81,1
"WU US Equity",US9598021098,USD,17.73,17.73,1
"HRB US Equity",US0936711052,USD,32.28,32.28,1
"EFX US Equity",US2944291051,USD,80,80,1
"MKC US Equity",US5797802064,USD,72.37,72.37,1
"GRMN US Equity",CH0114405324,USD,50.51,50.51,1
"SJM US Equity",US8326964058,USD,98.05,98.05,1
"CLX US Equity",US1890541097,USD,104.33,104.33,1
"TAP US Equity",US60871R2094,USD,73.06,73.06,1
"EA US Equity",US2855121099,USD,45.96,45.96,1
"MSI US Equity",US6200763075,USD,64.51,64.51,1
"XRX US Equity",US9841211033,USD,13.27,13.27,1
"STZ US Equity",US21036P1084,USD,100.46,100.46,1
"BF/B US Equity",US1156372096,USD,87.29,87.29,1
"MPC US Equity",US56585A1025,USD,88.21,88.21,1
"VLO US Equity",US91913Y1001,USD,47.68,47.68,1
"INTU US Equity",US4612021034,USD,88.06,88.06,1
"ECL US Equity",US2788651006,USD,98.93,98.93,1
"ADBE US Equity",US00724F1012,USD,70.53,70.53,1
"PSX US Equity",US7185461040,USD,66.02,66.02,1
"KMB US Equity",US4943681035,USD,113.78,113.78,1
"HPQ US Equity",US4282361033,USD,39.27,39.27,1
"MSFT US Equity",US5949181045,USD,45.65,45.65,1
"AAPL US Equity",US0378331005,USD,106.26,106.26,1
"ROK US Equity",US7739031091,USD,106.08,106.08,1
"GPS US Equity",US3647601083,USD,41.59,41.59,1
"LB US Equity",US5017971046,USD,83.89,83.89,1
"LUV US Equity",US8447411088,USD,40.46,40.46,1
"DE US Equity",US2441991054,USD,85.73,85.73,1
"DAL US Equity",US2473617023,USD,47.22,47.22,1
"MUR US Equity",US6267171022,USD,46.58,46.58,1
"KLAC US Equity",US4824801009,USD,66.69,66.69,1
"LRCX US Equity",US5128071082,USD,77.17,77.17,1
"MRO US Equity",US5658491064,USD,26.86,26.86,1
"MJN US Equity",US5828391061,USD,97.75,97.75,1
"HES US Equity",US42809H1077,USD,69.46,69.46,1
"AMAT US Equity",US0382221051,USD,23.25,23.25,1
"ADM US Equity",US0394831020,USD,49.23,49.23,1
"COP US Equity",US20825C1045,USD,62.93,62.93,1
"CVX US Equity",US1667641005,USD,108.03,108.03,1
"XOM US Equity",US30231G1022,USD,89.81,89.81,1
"AVP US Equity",US0543031027,USD,8.61,8.61,1
"PDCO US Equity",US7033951036,USD,47.84,47.84,1
"IRM US Equity",US4628461067,USD,39.51,39.51,1
"JNPR US Equity",US48203R1041,USD,21.89,21.89,1
"FFIV US Equity",US3156161024,USD,126.73,126.73,1
"FTI US Equity",US30249U1016,USD,43.77,43.77,1
"EQT US Equity",US26884L1098,USD,72.54,72.54,1
"SIAL US Equity",US8265521018,USD,137.1,137.1,1
"HUM US Equity",US4448591028,USD,139.09,139.09,1
"HSY US Equity",US4278661081,USD,103.32,103.32,1
"EL US Equity",US5184391044,USD,73.99,73.99,1
"DTV US Equity",US25490A3095,USD,85.14,85.14,1
"ESRX US Equity",US30219G1085,USD,83.28,83.28,1
"CL US Equity",US1941621039,USD,67.81,67.81,1
"CSCO US Equity",US17275R1023,USD,27.05,27.05,1
"PEP US Equity",US7134481081,USD,93.02,93.02,1
"VZ US Equity",US92343V1044,USD,47.04,47.04,1
"PG US Equity",US7427181091,USD,89.6,89.6,1
"CNX US Equity",US20854P1093,USD,31.2,31.2,1
"IFF US Equity",US4595061015,USD,98.15,98.15,1
"AKAM US Equity",US00971T1016,USD,60.67,60.67,1
"K US Equity",US4878361082,USD,64.45,64.45,1
"GCI US Equity",US3647301015,USD,29.62,29.62,1
"DRI US Equity",US2371941053,USD,58.19,58.19,1
"ADSK US Equity",US0527691069,USD,57.5,57.5,1
